"pitches","player_id","player_name","total_pitches","pitch_percent","ba","iso","babip","slg","woba","xwoba","xba","hits","abs","launch_speed","launch_angle","spin_rate","velocity","effective_speed","whiffs","swings","takes","eff_min_vel","release_extension","pos3_int_start_distance","pos4_int_start_distance","pos5_int_start_distance","pos6_int_start_distance","pos7_int_start_distance","pos8_int_start_distance","pos9_int_start_distance"
"36",646240,"Rafael Devers","311","11.58","0.306","0.389","0.583","0.694","0.417","0.293","0.215","11","36","91.3","21.2","2353","86.7","86.28","17","33","3","-0.4","5.96","119","149","121","150","278","316","300"
"142",457759,"Justin Turner","1489","9.54","0.296","0.085","0.392","0.380","0.296","0.262","0.240","42","142","88.5","12.5","2252","89.8","89.20","29","133","9","-0.6","5.94","106","150","115","145","303","318","295"
"174",446359,"Zack Cozart","1580","11.01","0.293","0.247","0.383","0.540","0.353","0.254","0.234","51","174","86.0","11.8","2193","88.8","88.46","43","160","14","-0.3","6.13","109","149","114","145","295","314","285"
"125",543877,"Christian Vazquez","1002","12.48","0.288","0.112","0.432","0.400","0.299","0.233","0.226","36","125","85.5","5.6","2309","87.3","86.81","35","117","8","-0.5","6.01","109","150","114","146","290","313","283"
"59",543308,"John Hicks","438","13.47","0.288","0.254","0.467","0.542","0.351","0.260","0.205","17","59","89.2","9.2","2217","87.1","86.81","24","57","2","-0.3","6.05","109","150","113","144","298","317","289"
"180",457763,"Buster Posey","1704","10.56","0.283","0.117","0.375","0.400","0.297","0.223","0.218","51","180","85.5","8.1","2228","88.4","88.02","37","168","12","-0.4","6.06","108","151","116","147","300","320","290"
"144",134181,"Adrian Beltre","1203","11.97","0.278","0.201","0.330","0.479","0.323","0.305","0.277","40","144","86.6","9.6","2276","89.1","88.84","31","140","4","-0.3","6.13","107","151","116","146","303","321","291"
"179",456488,"Eduardo Nunez","1428","12.54","0.274","0.117","0.343","0.391","0.288","0.211","0.202","49","179","85.6","5.6","2270","87.8","87.20","31","168","11","-0.6","5.96","109","150","112","146","291","314","285"
"99",457706,"Austin Jackson","847","11.69","0.273","0.101","0.433","0.374","0.281","0.248","0.225","27","99","90.9","9.8","2173","88.2","87.83","28","89","10","-0.4","6.01","109","150","114","144","296","311","285"
"191",458015,"Joey Votto","2174","8.79","0.272","0.147","0.383","0.419","0.298","0.258","0.238","52","191","85.7","9.9","2171","89.5","89.11","40","166","25","-0.4","6.12","114","151","123","149","291","317","299"
"178",544369,"Didi Gregorius","1482","12.01","0.270","0.079","0.375","0.348","0.271","0.205","0.204","48","178","82.1","14.0","2239","87.3","86.63","51","174","4","-0.7","5.94","116","150","118","149","283","317","293"
"145",543484,"Mikie Mahtook","1143","12.69","0.269","0.207","0.413","0.476","0.317","0.237","0.208","39","145","87.0","9.9","2254","87.7","87.34","47","133","12","-0.4","6.11","110","151","114","146","297","318","287"
"45",596103,"Austin Slater","386","11.66","0.267","0.067","0.478","0.333","0.264","0.168","0.152","12","45","89.8","-6.7","2283","88.3","88.10","13","37","8","-0.2","6.08","109","150","113","147","302","319","289"
"84",400085,"Ichiro Suzuki","630","13.33","0.262","0.036","0.393","0.298","0.248","0.177","0.183","22","84","78.4","-3.3","2195","87.7","87.11","25","81","3","-0.6","6.05","114","146","109","144","271","304","294"
"225",547180,"Bryce Harper","1918","11.73","0.262","0.258","0.378","0.520","0.329","0.269","0.219","59","225","90.0","11.5","2156","88.2","87.81","80","213","12","-0.4","6.07","114","149","124","149","298","322","304"
"115",435062,"Howie Kendrick","873","13.17","0.261","0.148","0.388","0.409","0.288","0.219","0.184","30","115","86.0","-1.6","2194","88.3","87.95","37","108","7","-0.3","6.15","111","150","115","149","297","313","285"
"218",408045,"Joe Mauer","1907","11.43","0.261","0.110","0.353","0.372","0.275","0.286","0.260","57","218","89.8","5.6","2213","88.9","88.38","46","202","16","-0.5","6.02","113","150","120","148","284","317","301"
"189",606299,"Jose Peraza","1569","12.05","0.259","0.063","0.370","0.323","0.256","0.227","0.228","49","189","82.8","11.6","2220","87.6","87.19","52","181","8","-0.4","6.06","111","149","112","146","295","307","275"
"31",543706,"Daniel Robertson","316","9.81","0.258","0.129","0.259","0.387","0.279","0.253","0.255","8","31","85.4","-5.3","2268","87.3","86.96","1","29","2","-0.3","6.04","111","151","113","144","288","305","280"
"79",611177,"Adonis Garcia","637","12.40","0.253","0.013","0.339","0.266","0.232","0.246","0.249","20","79","89.0","3.2","2197","87.1","86.55","17","76","3","-0.5","5.95","110","150","115","147","300","314","288"
"250",593428,"Xander Bogaerts","1890","13.23","0.252","0.144","0.369","0.396","0.278","0.211","0.209","63","250","85.6","8.7","2282","88.4","87.83","70","234","16","-0.6","5.99","108","149","114","146","290","316","288"
"171",456030,"Dustin Pedroia","1553","11.01","0.251","0.064","0.311","0.316","0.249","0.235","0.236","43","171","83.8","7.8","2188","88.8","88.37","29","163","8","-0.4","6.09","110","150","114","147","289","315","285"
"128",543939,"Kolten Wong","1153","11.10","0.250","0.102","0.376","0.352","0.261","0.212","0.209","32","128","84.5","7.4","2256","88.0","87.42","35","120","8","-0.6","5.94","116","150","118","151","288","314","295"
"217",608070,"Jose Ramirez","2004","10.83","0.249","0.184","0.309","0.433","0.290","0.241","0.220","54","217","87.5","13.0","2205","87.8","87.33","50","209","8","-0.5","5.97","112","148","117","147","289","315","294"
"257",502671,"Paul Goldschmidt","2253","11.41","0.249","0.171","0.409","0.420","0.286","0.242","0.205","64","257","90.9","9.6","2242","89.5","88.96","92","234","23","-0.5","5.93","108","150","115","147","308","326","300"
"203",516416,"Jean Segura","1678","12.10","0.246","0.054","0.360","0.300","0.241","0.202","0.199","50","203","85.7","4.3","2289","88.2","87.77","52","189","14","-0.4","6.06","111","150","113","146","295","312","282"
"237",547989,"Jose Abreu","2014","11.77","0.245","0.160","0.368","0.405","0.278","0.244","0.215","58","237","90.1","11.0","2315","87.6","87.15","84","228","9","-0.4","6.01","108","151","116","146","302","324","293"
"206",543685,"Anthony Rendon","2049","10.05","0.243","0.175","0.313","0.417","0.282","0.244","0.217","50","206","89.1","13.3","2210","89.0","88.87","33","175","31","-0.1","6.13","111","151","115","147","300","315","291"
"174",493329,"Yuli Gurriel","1521","11.44","0.241","0.155","0.311","0.397","0.273","0.227","0.210","42","174","89.0","7.4","2288","88.6","88.09","43","167","7","-0.5","6.01","107","151","115","146","296","323","288"
"151",624428,"Adam Frazier","1368","11.04","0.238","0.119","0.324","0.358","0.257","0.231","0.220","36","151","84.3","8.4","2204","87.9","87.41","30","139","12","-0.5","5.94","119","149","111","148","282","308","296"
"240",571448,"Nolan Arenado","2045","11.74","0.238","0.196","0.319","0.433","0.285","0.223","0.199","57","240","87.0","17.3","2285","88.8","88.46","79","234","6","-0.3","6.00","108","150","115","146","306","326","302"
"63",502100,"Alex Presley","552","11.41","0.238","0.048","0.395","0.286","0.231","0.199","0.200","15","63","87.7","6.9","2190","87.7","87.37","20","58","5","-0.3","6.06","115","147","111","146","276","310","296"
"219",592178,"Kris Bryant","2050","10.68","0.237","0.132","0.393","0.370","0.261","0.199","0.175","52","219","84.2","12.4","2233","89.9","89.48","72","195","24","-0.4","6.10","109","152","116","145","301","320","296"
"110",150029,"Jayson Werth","866","12.70","0.236","0.164","0.349","0.400","0.272","0.243","0.211","26","110","88.8","8.4","2231","88.4","87.85","31","98","12","-0.5","6.04","108","150","115","146","301","317","292"
"178",571697,"Scooter Gennett","1424","12.50","0.236","0.219","0.384","0.455","0.292","0.216","0.184","42","178","88.1","10.1","2259","88.3","87.93","63","158","20","-0.4","6.09","115","146","117","148","288","314","296"
"254",453568,"Charlie Blackmon","2237","11.35","0.236","0.154","0.366","0.390","0.268","0.205","0.187","60","254","82.8","10.8","2190","87.9","87.44","86","238","16","-0.5","5.97","119","150","118","151","299","324","305"
"191",429664,"Robinson Cano","1823","10.48","0.236","0.162","0.297","0.398","0.271","0.262","0.238","45","191","89.5","4.1","2222","87.1","86.72","47","182","9","-0.4","5.99","113","149","123","149","290","320","301"
"132",467827,"Gerardo Parra","1067","12.37","0.235","0.121","0.337","0.356","0.255","0.220","0.201","31","132","85.9","5.8","2211","88.0","87.73","41","127","5","-0.3","6.05","114","149","116","150","293","319","304"
"111",400284,"Chase Utley","1054","10.53","0.234","0.135","0.364","0.369","0.259","0.218","0.204","26","111","85.6","6.0","2235","89.2","88.83","22","90","21","-0.4","6.00","118","152","121","151","290","315","300"
"171",621043,"Carlos Correa","1512","11.31","0.234","0.117","0.365","0.351","0.253","0.232","0.216","40","171","88.4","3.1","2284","88.4","88.04","47","148","23","-0.4","6.06","109","150","114","146","297","324","289"
"205",518934,"DJ LeMahieu","1974","10.39","0.234","0.073","0.331","0.307","0.237","0.222","0.223","48","205","88.0","4.3","2245","88.6","88.47","41","184","21","-0.1","5.96","110","150","115","148","309","321","292"
"167",516770,"Starlin Castro","1297","12.88","0.234","0.054","0.369","0.287","0.229","0.182","0.177","39","167","87.9","7.6","2283","87.4","86.75","56","160","7","-0.7","5.93","110","152","116","147","302","321","286"
"244",605141,"Mookie Betts","2166","11.27","0.234","0.131","0.291","0.365","0.257","0.228","0.215","57","244","86.1","12.9","2293","88.1","87.59","46","232","12","-0.5","5.97","111","151","114","146","290","320","293"
"141",572041,"A.J. Pollock","1206","11.69","0.234","0.135","0.372","0.369","0.258","0.207","0.196","33","141","88.1","7.6","2308","88.6","88.11","38","125","16","-0.5","5.96","109","150","112","146","303","320","293"
"197",514888,"Jose Altuve","1833","10.75","0.234","0.076","0.344","0.310","0.237","0.215","0.204","46","197","84.8","5.7","2271","87.6","87.10","52","184","13","-0.5","6.03","106","149","111","145","294","319","284"
"150",545361,"Mike Trout","1491","10.06","0.233","0.253","0.342","0.487","0.302","0.238","0.178","35","150","88.1","19.9","2211","88.2","87.61","44","127","23","-0.6","5.97","108","152","117","146","309","328","300"
"189",444482,"David Peralta","1589","11.89","0.233","0.122","0.333","0.354","0.253","0.194","0.189","44","189","86.1","2.7","2231","88.5","87.79","51","175","14","-0.7","5.86","117","150","122","151","295","321","302"
"172",502210,"Josh Reddick","1590","10.82","0.233","0.110","0.339","0.343","0.249","0.221","0.205","40","172","86.0","15.3","2192","87.7","87.33","49","161","11","-0.4","6.02","116","150","122","150","286","320","296"
"43",592808,"Andrew Toles","382","11.26","0.233","0.116","0.346","0.349","0.251","0.177","0.158","10","43","81.9","6.3","2228","89.0","88.42","15","42","1","-0.6","6.02","113","147","115","146","288","315","301"
"99",516782,"Starling Marte","770","12.86","0.232","0.081","0.361","0.313","0.238","0.206","0.200","23","99","80.6","10.9","2291","88.7","88.19","28","90","9","-0.5","6.02","110","151","113","147","299","314","288"
"112",493114,"Norichika Aoki","951","11.78","0.232","0.045","0.329","0.277","0.225","0.184","0.188","26","112","84.5","4.2","2170","88.5","87.90","27","106","6","-0.6","6.00","113","147","108","145","268","306","294"
"284",572816,"Corey Dickerson","2031","13.98","0.232","0.127","0.378","0.359","0.255","0.192","0.180","66","284","83.7","11.5","2259","88.1","87.43","115","278","6","-0.7","5.98","115","151","124","151","290","324","300"
"208",543807,"George Springer","1888","11.02","0.231","0.192","0.352","0.423","0.277","0.257","0.217","48","208","89.0","10.1","2249","88.7","88.21","76","194","14","-0.5","6.00","110","151","114","146","298","325","291"
"178",501896,"David Freese","1583","11.24","0.230","0.096","0.409","0.326","0.242","0.225","0.203","41","178","89.2","3.9","2210","89.8","89.59","58","154","24","-0.2","6.07","111","151","115","147","304","317","289"
"114",591720,"Ronald Torreyes","910","12.53","0.228","0.035","0.338","0.263","0.218","0.182","0.186","26","114","78.2","8.2","2290","87.4","86.87","35","110","4","-0.5","5.91","109","151","112","146","288","308","272"
"101",452252,"Adam Lind","866","11.66","0.228","0.109","0.317","0.337","0.245","0.265","0.225","23","101","88.9","12.0","2291","87.6","87.52","29","95","6","-0.1","6.11","117","163","131","152","294","320","304"
"194",592663,"J.T. Realmuto","1603","12.10","0.227","0.108","0.331","0.335","0.243","0.224","0.201","44","194","87.3","7.2","2171","88.8","88.22","61","184","10","-0.6","6.04","110","150","114","146","302","316","291"
"163",571506,"Justin Bour","1378","11.83","0.227","0.147","0.378","0.374","0.258","0.227","0.198","37","163","87.7","12.0","2194","88.5","88.01","63","151","12","-0.5","6.05","117","163","128","152","300","322","303"
"150",456078,"Welington Castillo","1073","13.98","0.227","0.107","0.397","0.333","0.243","0.235","0.203","34","150","89.9","12.5","2258","88.4","87.60","50","128","22","-0.8","5.91","106","151","116","145","299","317","284"
"132",572073,"Joey Rickard","971","13.59","0.227","0.121","0.378","0.348","0.248","0.182","0.178","30","132","83.1","19.6","2256","88.3","87.62","42","118","14","-0.7","5.91","108","149","113","144","295","312","279"
"71",500743,"Miguel Rojas","629","11.29","0.225","0.014","0.296","0.239","0.208","0.229","0.238","16","71","82.5","6.6","2241","88.2","87.46","13","67","4","-0.7","6.00","111","150","113","146","294","305","282"
"147",488726,"Michael Brantley","1386","10.61","0.224","0.109","0.319","0.333","0.241","0.213","0.204","33","147","86.1","6.8","2265","88.2","87.78","40","137","10","-0.4","5.95","113","146","118","147","285","317","300"
"147",493316,"Yoenis Cespedes","1243","11.83","0.224","0.218","0.305","0.442","0.281","0.248","0.198","33","147","89.4","21.3","2236","87.8","87.39","50","140","7","-0.4","6.06","106","153","117","145","301","325","301"
"174",502517,"Daniel Murphy","1703","10.22","0.224","0.195","0.270","0.420","0.272","0.242","0.210","39","174","87.8","16.0","2206","87.6","87.19","40","163","11","-0.4","6.05","115","152","121","150","290","317","301"
"238",546318,"Odubel Herrera","1859","12.80","0.223","0.139","0.369","0.361","0.250","0.235","0.216","53","238","87.7","5.6","2186","87.7","87.20","89","224","14","-0.5","6.11","114","148","114","150","283","314","296"
"230",596019,"Francisco Lindor","2031","11.32","0.222","0.157","0.297","0.378","0.256","0.203","0.181","51","230","85.5","15.1","2207","87.8","87.30","60","215","15","-0.5","6.00","116","149","116","147","288","316","295"
"176",605412,"Joe Panik","1694","10.39","0.222","0.102","0.288","0.324","0.236","0.197","0.185","39","176","82.2","9.6","2167","89.2","88.68","32","160","16","-0.5","6.03","118","150","115","150","285","316","301"
"207",643217,"Andrew Benintendi","1864","11.11","0.222","0.111","0.344","0.333","0.240","0.198","0.180","46","207","86.6","15.3","2219","88.0","87.41","60","186","21","-0.6","5.97","114","147","121","148","280","317","302"
"72",605131,"Austin Barnes","734","9.81","0.222","0.181","0.333","0.403","0.265","0.250","0.232","16","72","85.4","7.7","2258","88.1","87.38","18","60","12","-0.7","5.86","108","150","114","145","299","313","287"
"140",452095,"Tyler Flowers","1200","11.67","0.221","0.100","0.408","0.321","0.235","0.219","0.198","31","140","89.0","11.7","2225","89.2","88.77","50","123","17","-0.4","6.06","110","152","116","148","302","317","290"
"136",543510,"James McCann","1027","13.24","0.221","0.147","0.357","0.368","0.252","0.257","0.225","30","136","86.3","16.7","2259","88.3","87.78","45","120","16","-0.5","5.98","109","151","116","146","299","320","289"
"200",641820,"Trey Mancini","1656","12.08","0.220","0.205","0.386","0.425","0.272","0.235","0.185","44","200","90.4","5.9","2224","87.3","86.59","87","185","15","-0.7","5.91","109","151","116","146","302","322","290"
"227",456715,"Lorenzo Cain","1933","11.74","0.220","0.110","0.326","0.330","0.238","0.193","0.183","50","227","86.4","8.8","2252","88.9","88.66","68","211","16","-0.2","6.10","109","150","114","146","301","321","288"
"118",543376,"Caleb Joseph","849","13.90","0.220","0.093","0.385","0.314","0.231","0.190","0.186","26","118","81.5","6.7","2235","88.3","87.61","41","107","11","-0.7","5.95","110","151","115","146","296","314","280"
"182",578428,"Jose Iglesias","1440","12.64","0.220","0.060","0.295","0.280","0.219","0.177","0.183","40","182","82.5","7.2","2312","87.1","86.66","43","176","6","-0.4","5.99","109","149","111","145","294","309","274"
"227",542303,"Marcell Ozuna","1922","11.81","0.220","0.132","0.387","0.352","0.246","0.199","0.179","50","227","90.4","5.8","2186","87.1","86.40","85","203","24","-0.7","5.98","109","151","116","146","305","321","296"
"177",592743,"Andrelton Simmons","1755","10.09","0.220","0.045","0.307","0.266","0.214","0.193","0.196","39","177","85.4","6.7","2276","89.6","89.02","39","166","11","-0.6","5.98","109","150","113","146","301","319","287"
"123",649557,"Aledmys Diaz","1029","11.95","0.220","0.146","0.286","0.366","0.251","0.221","0.209","27","123","83.0","11.4","2297","87.7","87.10","34","116","7","-0.6","5.93","110","151","114","147","303","317","290"
"32",547170,"Nicky Delmonico","269","11.90","0.219","0.031","0.368","0.250","0.208","0.182","0.186","7","32","84.1","2.6","2261","87.6","87.40","9","28","4","-0.2","6.13","113","148","118","145","277","315","296"
"32",593523,"Marco Hernandez","234","13.68","0.219","0.031","0.412","0.250","0.208","0.180","0.187","7","32","84.3","0.0","2378","88.8","87.98","14","31","1","-0.8","5.90","112","149","115","149","274","315","298"
"165",452655,"Denard Span","1516","10.88","0.218","0.133","0.296","0.352","0.244","0.221","0.205","36","165","81.7","11.4","2243","87.9","87.10","39","151","14","-0.8","5.93","116","148","114","149","282","313","297"
"193",592696,"Eddie Rosario","1552","12.44","0.218","0.124","0.349","0.342","0.240","0.179","0.160","42","193","85.5","12.0","2241","88.2","87.66","71","184","9","-0.5","6.04","114","148","116","148","286","317","296"
"211",435079,"Ian Kinsler","1842","11.45","0.218","0.095","0.275","0.313","0.230","0.218","0.206","46","211","85.9","18.4","2285","88.5","88.13","45","202","9","-0.4","6.10","109","153","115","147","296","320","287"
"212",543333,"Eric Hosmer","1969","10.77","0.217","0.085","0.331","0.302","0.226","0.197","0.193","46","212","87.1","-0.8","2288","88.1","87.73","69","202","10","-0.4","6.05","115","150","123","150","294","325","307"
"83",641319,"Carlos Asuaje","773","10.74","0.217","0.096","0.459","0.313","0.230","0.137","0.127","18","83","86.3","15.9","2172","89.3","88.94","32","70","13","-0.4","6.08","117","148","113","149","284","309","293"
"46",594809,"Adam Eaton","443","10.38","0.217","0.087","0.357","0.304","0.226","0.213","0.203","10","46","85.0","3.9","2194","88.5","88.14","11","39","7","-0.4","6.16","115","149","110","146","278","305","296"
"37",600303,"Tommy La Stella","368","10.05","0.216","0.162","0.259","0.378","0.253","0.190","0.185","8","37","85.5","6.9","2269","90.0","89.30","6","34","3","-0.7","5.89","119","148","117","151","286","311","299"
"139",518692,"Freddie Freeman","1310","10.61","0.216","0.151","0.352","0.367","0.249","0.254","0.209","30","139","90.6","11.4","2184","88.8","88.18","55","131","8","-0.6","5.98","116","165","138","151","300","324","304"
"130",435622,"Ian Desmond","949","13.70","0.215","0.046","0.422","0.262","0.210","0.163","0.162","28","130","87.7","-2.7","2286","88.1","87.64","50","115","15","-0.5","5.92","109","151","115","148","307","325","296"
"65",501571,"Juan Lagares","472","13.77","0.215","0.108","0.333","0.323","0.232","0.195","0.177","14","65","88.0","12.9","2335","89.6","89.23","20","60","5","-0.4","5.97","110","152","114","148","299","315","288"
"206",595879,"Javier Baez","1394","14.78","0.214","0.126","0.413","0.340","0.238","0.184","0.156","44","206","88.7","15.1","2212","88.4","87.95","102","200","6","-0.5","6.02","110","151","114","145","300","317","294"
"192",408252,"Brandon Phillips","1582","12.14","0.214","0.047","0.286","0.260","0.209","0.230","0.233","41","192","83.9","3.5","2209","87.3","86.94","50","191","1","-0.4","5.99","110","150","114","147","302","314","284"
"104",622666,"Johan Camargo","756","13.76","0.212","0.115","0.339","0.327","0.232","0.218","0.206","22","104","87.5","9.7","2152","87.1","86.58","36","97","7","-0.5","5.93","113","151","115","150","293","317","294"
"171",624577,"Yasiel Puig","1614","10.59","0.211","0.146","0.345","0.357","0.242","0.203","0.175","36","171","85.4","9.2","2234","89.6","88.99","67","160","11","-0.6","5.92","108","151","115","146","302","317","295"
"57",455755,"Chris Stewart","438","13.01","0.211","0.053","0.308","0.263","0.208","0.206","0.204","12","57","83.2","8.5","2149","88.9","88.46","9","48","9","-0.4","5.97","109","150","114","147","294","306","275"
"105",546991,"Albert Almora Jr.","888","11.82","0.210","0.019","0.349","0.229","0.195","0.161","0.166","22","105","85.3","3.6","2250","86.8","86.26","32","95","10","-0.5","5.94","109","149","112","145","297","312","287"
"205",621035,"Chris Taylor","1652","12.41","0.210","0.117","0.419","0.327","0.231","0.186","0.175","43","205","87.3","6.3","2247","88.5","87.94","79","176","29","-0.6","5.92","110","150","113","146","299","313","290"
"91",607345,"Kevan Smith","743","12.25","0.209","0.044","0.352","0.253","0.203","0.163","0.175","19","91","81.7","-1.0","2203","88.6","88.24","29","83","7","-0.4","6.00","110","150","115","146","296","316","282"
"201",593160,"Whit Merrifield","1723","11.67","0.209","0.095","0.284","0.303","0.222","0.205","0.186","42","201","86.4","11.3","2246","88.0","87.75","47","185","16","-0.2","6.01","109","150","113","146","298","316","283"
"96",500874,"Jose Martinez","805","11.93","0.208","0.094","0.346","0.302","0.221","0.227","0.210","20","96","89.9","5.0","2243","88.3","87.70","31","85","11","-0.6","5.97","108","151","116","147","306","319","293"
"125",500208,"Yangervis Solarte","1225","10.20","0.208","0.128","0.272","0.336","0.234","0.206","0.191","26","125","83.3","9.2","2224","88.0","87.39","36","121","4","-0.6","5.99","116","155","119","150","293","316","295"
"130",446381,"Darwin Barney","973","13.36","0.208","0.038","0.310","0.246","0.201","0.176","0.180","27","130","80.3","9.6","2241","88.7","88.11","36","121","9","-0.6","6.00","110","150","112","147","293","313","277"
"203",475582,"Ryan Zimmerman","1688","12.03","0.207","0.138","0.336","0.345","0.236","0.226","0.200","42","203","88.8","6.6","2250","87.7","87.27","69","182","21","-0.4","6.04","109","151","116","147","303","320","298"
"58",571681,"Rey Fuentes","416","13.94","0.207","0.052","0.343","0.259","0.204","0.183","0.179","12","58","81.6","11.0","2207","88.4","87.86","19","54","4","-0.5","5.92","113","148","111","149","287","313","296"
"237",570731,"Jonathan Schoop","1933","12.26","0.207","0.143","0.339","0.350","0.238","0.179","0.165","49","237","85.7","11.9","2234","87.4","86.76","94","223","14","-0.6","5.98","110","151","116","146","300","322","291"
"107",547172,"Tony Wolters","939","11.40","0.206","0.028","0.379","0.234","0.195","0.154","0.160","22","107","82.3","5.7","2189","88.1","87.50","40","98","9","-0.6","5.93","117","150","117","149","288","313","302"
"200",425877,"Yadier Molina","1570","12.74","0.205","0.100","0.271","0.305","0.221","0.220","0.203","41","200","84.6","14.0","2233","89.1","88.79","52","190","10","-0.3","6.04","111","151","116","148","303","316","287"
"44",501303,"Ehire Adrianza","458","9.61","0.205","0.023","0.321","0.227","0.192","0.192","0.187","9","44","82.3","10.0","2218","88.1","87.49","7","35","9","-0.6","6.02","114","147","114","147","283","310","289"
"117",460075,"Ryan Braun","1036","11.29","0.205","0.179","0.322","0.385","0.250","0.228","0.193","24","117","90.5","8.0","2167","89.1","88.43","41","105","12","-0.7","6.00","108","150","115","146","307","319","290"
"249",457708,"Justin Upton","2015","12.36","0.205","0.193","0.361","0.398","0.254","0.228","0.188","51","249","89.4","12.8","2250","88.0","87.68","95","215","34","-0.3","6.13","109","152","116","146","301","326","294"
"112",460026,"Nick Hundley","777","14.41","0.205","0.143","0.377","0.348","0.236","0.194","0.172","23","112","86.8","9.1","2245","87.7","87.25","49","105","7","-0.5","5.97","108","150","115","146","300","319","288"
"132",435522,"Neil Walker","1164","11.34","0.205","0.144","0.288","0.348","0.236","0.232","0.211","27","132","85.5","17.7","2187","88.1","87.33","37","121","11","-0.8","5.99","114","150","121","150","292","316","298"
"113",595375,"JT Riddle","906","12.47","0.204","0.062","0.365","0.265","0.205","0.167","0.168","23","113","85.0","3.1","2219","87.3","86.67","37","100","13","-0.6","6.00","110","147","111","148","286","313","299"
"230",462101,"Elvis Andrus","1917","12.00","0.204","0.052","0.322","0.257","0.202","0.188","0.188","47","230","83.9","6.3","2282","87.6","87.14","65","211","19","-0.5","6.06","106","148","112","144","297","314","283"
"142",444489,"Manny Pina","1178","12.05","0.204","0.099","0.333","0.303","0.219","0.189","0.172","29","142","85.9","14.7","2223","87.9","87.52","50","131","11","-0.4","6.08","111","151","114","147","301","312","285"
"157",452234,"Seth Smith","1335","11.76","0.204","0.127","0.303","0.331","0.230","0.220","0.197","32","157","86.8","6.8","2283","87.9","86.98","49","143","14","-0.9","5.81","118","161","137","150","288","318","298"
"167",571431,"Matt Adams","1258","13.28","0.204","0.192","0.313","0.395","0.253","0.220","0.185","34","167","88.9","16.9","2213","87.8","87.39","64","155","12","-0.4","5.85","117","161","129","153","297","321","300"
"221",475253,"Justin Smoak","1965","11.25","0.204","0.204","0.304","0.407","0.257","0.259","0.205","45","221","87.6","17.8","2238","88.3","87.70","71","194","27","-0.6","6.00","114","165","134","150","293","326","302"
"230",572122,"Kyle Seager","1999","11.51","0.204","0.117","0.296","0.322","0.226","0.224","0.198","47","230","88.3","17.0","2210","87.0","86.51","67","214","16","-0.5","5.97","116","161","130","150","288","319","299"
"183",596142,"Gary Sanchez","1493","12.26","0.202","0.191","0.333","0.393","0.252","0.221","0.186","37","183","89.2","7.2","2269","87.7","87.19","77","168","15","-0.5","5.99","108","153","118","147","300","325","294"
"223",543829,"Dee Gordon","1801","12.38","0.202","0.027","0.288","0.229","0.191","0.172","0.181","45","223","79.0","-0.2","2221","88.0","87.44","61","217","6","-0.6","6.05","114","147","104","145","271","302","294"
"109",594828,"Evan Gattis","927","11.76","0.202","0.165","0.286","0.367","0.241","0.219","0.197","22","109","87.0","14.5","2255","88.0","87.46","37","104","5","-0.5","6.02","108","149","115","145","294","324","290"
"173",514917,"Cesar Hernandez","1609","10.75","0.202","0.087","0.333","0.289","0.213","0.202","0.189","35","173","85.3","5.8","2207","89.0","88.44","53","152","21","-0.6","6.08","116","148","110","148","281","307","288"
"247",592885,"Christian Yelich","2148","11.50","0.202","0.089","0.324","0.291","0.214","0.226","0.211","50","247","91.1","1.2","2225","88.2","87.49","84","230","17","-0.7","6.00","115","148","116","149","292","315","302"
"234",455976,"Nick Markakis","2080","11.25","0.201","0.094","0.294","0.295","0.215","0.198","0.186","47","234","87.6","8.5","2200","88.3","87.79","64","212","22","-0.5","5.98","115","149","118","150","290","315","298"
"239",592387,"Ryon Healy","1769","13.51","0.201","0.155","0.333","0.356","0.237","0.211","0.178","48","239","87.8","11.5","2279","87.3","86.71","90","216","23","-0.6","5.94","108","151","116","146","303","323","292"
"149",542583,"Jesus Aguilar","1082","13.77","0.201","0.242","0.333","0.443","0.269","0.232","0.182","30","149","90.3","11.5","2235","88.6","87.95","61","133","16","-0.6","5.93","112","151","115","146","303","318","293"
"179",408314,"Jose Reyes","1544","11.59","0.201","0.117","0.280","0.318","0.223","0.209","0.199","36","179","82.8","15.2","2241","87.6","87.19","43","164","15","-0.4","6.09","112","149","111","149","283","311","294"
"30",453286,"Max Scherzer","200","15.00","0.200","0.100","0.278","0.300","0.217","0.157","0.138","6","30","77.1","-12.4","2239","88.8","88.58","5","24","6","-0.2","6.00","114","148","109","148","283","296","271"
"110",594694,"Wilmer Difo","929","11.84","0.200","0.000","0.367","0.200","0.180","0.178","0.184","22","110","80.5","5.1","2193","88.2","88.00","36","96","14","-0.2","6.16","114","148","111","147","282","307","294"
"125",517369,"Jose Pirela","970","12.89","0.200","0.128","0.324","0.328","0.226","0.215","0.192","25","125","90.8","7.0","2246","87.4","86.88","46","117","8","-0.5","6.00","110","150","113","146","300","316","288"
"45",553988,"Dixon Machado","408","11.03","0.200","0.000","0.310","0.200","0.180","0.162","0.172","9","45","80.7","-4.2","2185","87.8","87.45","14","43","2","-0.4","6.04","107","148","113","145","295","311","277"
"165",593871,"Jorge Polanco","1403","11.76","0.200","0.097","0.284","0.297","0.215","0.193","0.182","33","165","82.4","16.3","2204","88.3","87.87","41","152","13","-0.4","6.00","111","147","115","147","283","313","289"
"30",643335,"Zack Granite","277","10.83","0.200","0.000","0.261","0.200","0.180","0.180","0.184","6","30","84.0","12.7","2241","88.9","88.10","4","27","3","-0.8","5.91","110","147","109","145","273","301","292"
"35",593527,"Ramon Torres","270","12.96","0.200","0.057","0.292","0.257","0.200","0.169","0.177","7","35","75.5","8.8","2263","88.4","87.99","9","33","2","-0.4","5.98","113","148","111","147","282","310","290"
"225",466320,"Melky Cabrera","1928","11.67","0.200","0.067","0.264","0.267","0.204","0.232","0.229","45","225","86.3","7.8","2243","88.3","87.99","52","214","11","-0.3","6.04","113","148","115","147","289","317","294"
"155",527038,"Wilmer Flores","1260","12.30","0.200","0.168","0.240","0.368","0.241","0.208","0.182","31","155","86.0","17.3","2213","88.7","88.30","39","146","9","-0.4","6.10","109","152","115","147","297","318","292"
"90",537953,"Daniel Nava","812","11.08","0.200","0.067","0.327","0.267","0.204","0.189","0.181","18","90","85.9","4.9","2175","89.9","89.61","33","86","4","-0.3","6.13","114","153","122","150","286","314","293"
"210",592518,"Manny Machado","1917","10.95","0.200","0.138","0.303","0.338","0.230","0.258","0.223","42","210","91.3","8.6","2245","88.5","87.93","72","197","13","-0.6","5.95","109","150","116","145","302","323","294"
"126",485567,"Ezequiel Carrera","1066","11.82","0.198","0.103","0.338","0.302","0.216","0.166","0.163","25","126","82.0","3.7","2194","88.4","87.81","36","104","22","-0.6","6.01","116","148","112","148","280","315","298"
"227",430945,"Adam Jones","1835","12.37","0.198","0.106","0.300","0.304","0.217","0.204","0.187","45","227","85.5","11.8","2214","87.6","86.84","81","217","10","-0.8","5.90","109","151","115","145","301","323","289"
"177",503556,"Marwin Gonzalez","1599","11.07","0.198","0.181","0.292","0.379","0.244","0.197","0.179","35","177","88.7","9.8","2230","87.5","87.07","63","161","16","-0.4","6.03","113","148","118","148","290","323","292"
"237",542255,"Ender Inciarte","1985","11.94","0.198","0.051","0.285","0.249","0.197","0.177","0.175","47","237","79.8","7.8","2218","89.0","88.56","65","225","12","-0.4","5.98","116","149","111","147","280","309","295"
"121",628338,"Guillermo Heredia","1183","10.23","0.198","0.116","0.280","0.314","0.220","0.174","0.164","24","121","81.1","10.8","2188","88.6","88.23","30","108","13","-0.4","6.08","107","149","112","144","294","313","281"
"142",572039,"Stephen Piscotty","1164","12.20","0.197","0.113","0.321","0.310","0.218","0.232","0.205","28","142","83.9","9.5","2191","88.6","88.03","45","128","14","-0.6","5.97","111","151","115","146","304","317","289"
"152",445055,"Jon Jay","1255","12.11","0.197","0.072","0.318","0.270","0.204","0.187","0.185","30","152","85.0","6.6","2176","87.8","87.33","44","134","18","-0.5","6.03","118","148","114","149","281","307","296"
"152",570256,"Gregory Polanco","1340","11.34","0.197","0.105","0.267","0.303","0.215","0.201","0.187","30","152","86.2","12.0","2212","88.7","88.25","41","145","7","-0.5","6.02","117","151","123","150","295","317","297"
"147",607208,"Trea Turner","1214","12.11","0.197","0.041","0.315","0.238","0.192","0.204","0.201","29","147","86.8","3.8","2183","88.4","88.19","40","132","15","-0.2","6.10","110","150","112","146","299","313","290"
"46",553869,"Elias Diaz","389","11.83","0.196","0.109","0.310","0.304","0.214","0.215","0.205","9","46","90.0","11.9","2222","87.7","87.01","12","41","5","-0.7","5.90","108","148","113","147","298","310","283"
"199",606115,"Orlando Arcia","1576","12.63","0.196","0.085","0.310","0.281","0.207","0.156","0.154","39","199","85.5","5.3","2247","87.5","86.99","72","191","8","-0.5","6.00","109","148","111","146","299","311","284"
"102",519184,"Ben Revere","953","10.70","0.196","0.078","0.241","0.275","0.204","0.236","0.237","20","102","81.1","3.4","2224","87.3","86.84","13","96","6","-0.5","6.01","112","146","107","144","271","307","296"
"92",519299,"Eric Sogard","903","10.19","0.196","0.076","0.290","0.272","0.203","0.191","0.193","18","92","83.1","11.7","2206","88.7","88.14","14","76","16","-0.6","5.95","116","148","112","149","281","307","295"
"51",591994,"Willy Garcia","419","12.17","0.196","0.196","0.400","0.392","0.247","0.195","0.165","10","51","88.8","6.5","2272","87.3","86.89","22","44","7","-0.4","5.97","107","150","112","145","302","319","289"
"113",544725,"Leury Garcia","971","11.64","0.195","0.106","0.333","0.301","0.214","0.164","0.156","22","113","83.2","3.0","2236","87.5","86.91","45","105","8","-0.6","5.93","111","148","111","145","281","311","289"
"164",500871,"Eduardo Escobar","1347","12.18","0.195","0.146","0.257","0.341","0.229","0.234","0.207","32","164","88.0","20.4","2223","88.2","87.73","43","150","14","-0.5","6.04","111","148","116","147","285","314","288"
"220",543768,"Travis Shaw","1871","11.76","0.195","0.145","0.333","0.341","0.228","0.221","0.197","43","220","87.9","9.7","2262","88.2","87.57","63","178","42","-0.6","6.00","115","153","123","150","297","317","299"
"205",608369,"Corey Seager","1834","11.18","0.195","0.166","0.348","0.361","0.236","0.231","0.186","40","205","91.7","13.4","2233","89.0","88.38","79","177","28","-0.6","5.91","115","151","123","151","296","318","304"
"211",476704,"Jed Lowrie","1958","10.78","0.194","0.152","0.281","0.346","0.229","0.236","0.205","41","211","87.3","21.1","2198","88.9","88.44","62","195","16","-0.5","6.01","116","153","121","149","287","315","295"
"155",592261,"Delino DeShields","1184","13.09","0.194","0.071","0.372","0.265","0.199","0.123","0.119","30","155","80.5","7.2","2260","88.3","88.04","60","139","16","-0.3","6.04","106","148","109","143","295","309","278"
"124",456665,"Steve Pearce","1090","11.38","0.194","0.121","0.323","0.315","0.218","0.188","0.170","24","124","87.3","11.2","2270","87.5","86.89","45","113","11","-0.6","5.98","109","152","116","145","296","324","293"
"36",543094,"Jaff Decker","261","13.79","0.194","0.056","0.368","0.250","0.194","0.186","0.189","7","36","87.9","12.4","2178","88.0","87.30","14","33","3","-0.7","5.82","114","148","112","150","279","316","297"
"72",595144,"Jaycob Brugman","662","10.88","0.194","0.069","0.394","0.264","0.200","0.168","0.166","14","72","87.6","5.5","2174","86.9","86.67","31","65","7","-0.2","6.01","114","147","113","148","276","308","296"
"93",502082,"Lonnie Chisenhall","857","10.85","0.194","0.129","0.294","0.323","0.221","0.176","0.151","18","93","81.4","18.6","2259","88.4","87.74","30","84","8","-0.7","5.86","113","146","120","147","286","317","297"
"177",575929,"Willson Contreras","1402","12.62","0.192","0.153","0.342","0.345","0.228","0.183","0.153","34","177","89.0","8.0","2210","88.3","87.86","66","152","25","-0.4","6.04","109","151","114","146","298","317","292"
"214",624424,"Michael Conforto","1764","12.13","0.192","0.121","0.343","0.313","0.217","0.216","0.186","41","214","88.0","12.3","2235","87.4","86.91","86","192","22","-0.5","6.03","117","155","130","152","294","320","302"
"99",594824,"Greg Garcia","924","10.71","0.192","0.020","0.352","0.212","0.180","0.180","0.180","19","99","85.7","7.8","2255","89.4","89.04","28","82","16","-0.4","6.07","114","148","116","149","288","313","297"
"120",461865,"Andrew Romine","973","12.33","0.192","0.067","0.333","0.258","0.196","0.185","0.185","23","120","83.7","2.3","2212","88.3","88.08","48","115","5","-0.2","6.10","114","149","115","148","282","313","293"
"89",595284,"Andrew Knapp","764","11.65","0.191","0.101","0.429","0.292","0.208","0.167","0.143","17","89","88.1","-0.6","2213","88.0","87.57","33","70","19","-0.4","6.06","113","147","116","148","286","313","292"
"277",592450,"Aaron Judge","2319","11.94","0.191","0.199","0.402","0.390","0.244","0.232","0.181","53","277","94.3","15.1","2273","89.1","88.60","118","229","48","-0.5","6.01","110","152","119","147","305","330","296"
"189",570560,"Yolmer Sanchez","1422","13.29","0.190","0.111","0.303","0.302","0.211","0.159","0.156","36","189","81.5","3.4","2223","86.9","86.53","65","177","12","-0.4","6.01","110","147","112","145","282","312","289"
"58",606466,"Ketel Marte","471","12.31","0.190","0.103","0.303","0.293","0.208","0.207","0.193","11","58","85.5","6.2","2206","89.1","88.53","19","53","5","-0.6","5.82","113","146","111","147","280","311","297"
"268",571740,"Billy Hamilton","2120","12.64","0.190","0.045","0.331","0.235","0.187","0.159","0.167","51","268","77.7","9.5","2188","87.9","87.38","83","237","30","-0.5","6.01","110","144","102","142","278","303","285"
"252",448602,"Mark Reynolds","1974","12.77","0.190","0.103","0.382","0.294","0.209","0.180","0.157","48","252","87.5","11.1","2274","88.3","87.95","105","221","31","-0.4","5.93","109","152","115","146","307","326","301"
"153",657557,"Paul DeJong","1147","13.34","0.190","0.229","0.339","0.418","0.254","0.205","0.165","29","153","86.3","21.3","2226","88.5","88.36","75","141","12","-0.1","6.14","109","150","114","146","300","317","293"
"217",543281,"Josh Harrison","1846","11.76","0.189","0.088","0.269","0.276","0.202","0.185","0.180","41","217","80.4","14.6","2241","88.9","88.35","68","207","10","-0.5","5.99","110","152","112","147","300","313","287"
"169",608324,"Alex Bregman","1733","9.75","0.189","0.101","0.310","0.290","0.206","0.201","0.184","32","169","86.8","13.8","2287","88.4","87.87","47","148","21","-0.5","6.00","109","149","113","145","295","319","284"
"133",434658,"Rajai Davis","1171","11.36","0.188","0.105","0.371","0.293","0.207","0.132","0.133","25","133","79.0","5.1","2253","87.2","86.56","50","114","19","-0.6","5.93","108","148","111","143","297","315","282"
"64",460077,"Drew Butera","562","11.39","0.188","0.078","0.282","0.266","0.197","0.176","0.170","12","64","86.7","12.7","2203","88.6","88.56","17","57","7","0.0","6.23","108","148","111","144","299","315","280"
"64",491696,"Jesus Sucre","563","11.37","0.188","0.156","0.286","0.344","0.225","0.159","0.152","12","64","84.6","14.5","2340","87.3","86.46","21","58","6","-0.8","5.86","109","152","115","147","300","318","284"
"107",425784,"Rene Rivera","713","15.01","0.187","0.093","0.340","0.280","0.202","0.202","0.189","20","107","84.7","14.2","2215","88.4","87.97","41","94","13","-0.4","6.07","109","152","115","147","296","314","289"
"91",608061,"T.J. Rivera","780","11.67","0.187","0.066","0.288","0.253","0.191","0.170","0.171","17","91","82.8","12.9","2225","87.9","87.40","27","86","5","-0.5","6.08","109","152","115","147","294","313","288"
"221",519058,"Mike Moustakas","1768","12.50","0.186","0.213","0.207","0.398","0.244","0.245","0.203","41","221","86.0","16.3","2241","86.4","86.03","72","220","1","-0.4","5.98","117","159","134","151","294","324","302"
"129",543305,"Aaron Hicks","1193","10.81","0.186","0.101","0.280","0.287","0.204","0.184","0.167","24","129","85.8","16.5","2235","87.5","86.99","42","120","9","-0.5","5.98","115","149","116","148","294","322","293"
"221",571830,"Tommy Joseph","1729","12.78","0.186","0.122","0.310","0.308","0.211","0.207","0.190","41","221","90.3","12.2","2231","88.8","88.43","70","189","32","-0.4","6.10","109","152","116","147","295","317","290"
"102",588751,"Adeiny Hechavarria","747","13.65","0.186","0.059","0.305","0.245","0.189","0.178","0.179","19","102","85.4","15.2","2289","89.0","88.53","40","100","2","-0.5","6.01","109","151","114","146","299","316","281"
"233",572761,"Matt Carpenter","2211","10.54","0.185","0.172","0.267","0.356","0.228","0.241","0.199","43","233","90.8","20.4","2164","89.1","88.69","61","200","33","-0.4","6.05","119","157","132","153","295","319","299"
"248",572821,"Brian Dozier","2100","11.81","0.185","0.105","0.316","0.290","0.204","0.187","0.157","46","248","87.2","14.8","2249","89.0","88.33","82","219","29","-0.7","5.97","108","151","113","144","296","319","288"
"162",457727,"Cameron Maybin","1479","10.95","0.185","0.062","0.322","0.247","0.189","0.163","0.158","30","162","86.3","2.9","2236","88.7","88.18","50","141","21","-0.5","6.01","110","150","112","145","301","319","286"
"233",519203,"Anthony Rizzo","2124","10.97","0.185","0.090","0.236","0.275","0.199","0.234","0.219","43","233","86.5","13.0","2212","88.9","88.41","56","222","11","-0.5","6.03","115","161","136","150","295","320","302"
"136",605548,"Bradley Zimmer","1107","12.29","0.184","0.103","0.415","0.287","0.203","0.170","0.150","25","136","90.1","0.9","2261","88.0","87.59","60","116","20","-0.4","5.96","113","147","119","148","286","317","300"
"38",429711,"Franklin Gutierrez","268","14.18","0.184","0.132","0.286","0.316","0.213","0.224","0.198","7","38","82.8","-3.1","2171","88.8","88.27","13","35","3","-0.5","5.91","109","149","114","144","303","318","294"
"103",519390,"Stephen Vogt","846","12.17","0.184","0.165","0.259","0.350","0.226","0.224","0.190","19","103","85.2","14.2","2143","87.4","86.97","36","98","5","-0.4","6.03","112","160","128","151","289","320","297"
"87",553882,"Omar Narvaez","915","9.51","0.184","0.011","0.296","0.195","0.170","0.186","0.195","16","87","83.9","9.5","2238","88.8","88.40","20","74","13","-0.4","6.01","114","149","117","147","278","311","296"
"125",430947,"Erick Aybar","1085","11.52","0.184","0.072","0.273","0.256","0.192","0.169","0.171","23","125","82.0","4.2","2242","87.8","86.99","29","108","17","-0.8","5.87","114","149","113","148","283","309","292"
"190",452254,"Hunter Pence","1609","11.81","0.184","0.074","0.296","0.258","0.192","0.172","0.154","35","190","87.6","2.6","2231","88.1","87.48","68","179","11","-0.6","5.98","108","150","115","145","299","320","292"
"82",622194,"Bruce Maxwell","730","11.23","0.183","0.061","0.326","0.244","0.186","0.195","0.189","15","82","87.8","3.3","2180","88.0","87.69","21","67","15","-0.3","6.07","115","150","119","151","285","317","303"
"115",506702,"Sandy Leon","931","12.35","0.183","0.096","0.317","0.278","0.199","0.183","0.178","21","115","84.3","9.3","2196","87.2","86.70","39","101","14","-0.5","5.99","115","156","124","149","283","318","297"
"169",400121,"Victor Martinez","1604","10.54","0.183","0.107","0.252","0.290","0.204","0.210","0.184","31","169","87.5","12.4","2193","88.1","87.79","48","159","10","-0.3","6.06","115","166","129","151","292","321","299"
"192",455117,"Martin Maldonado","1410","13.62","0.182","0.120","0.306","0.302","0.207","0.184","0.164","35","192","85.0","6.0","2247","88.1","87.62","64","167","25","-0.5","6.04","109","150","115","146","299","319","286"
"198",408234,"Miguel Cabrera","1700","11.65","0.182","0.051","0.333","0.232","0.182","0.203","0.186","36","198","88.2","7.9","2265","88.6","88.27","68","174","24","-0.3","6.06","110","152","119","147","304","327","297"
"121",605480,"Mallex Smith","927","13.05","0.182","0.041","0.324","0.223","0.178","0.134","0.137","22","121","80.0","0.3","2264","88.6","88.10","41","109","11","-0.5","6.00","111","147","108","144","275","311","293"
"148",518960,"Jonathan Lucroy","1395","10.61","0.182","0.054","0.234","0.236","0.183","0.201","0.200","27","148","83.9","7.6","2263","89.2","88.91","25","137","11","-0.3","6.10","109","150","115","147","301","318","283"
"215",443558,"Nelson Cruz","1888","11.39","0.181","0.191","0.284","0.372","0.232","0.238","0.179","39","215","91.7","14.5","2297","87.6","87.08","85","197","18","-0.5","5.99","108","152","119","146","301","325","294"
"127",571466,"Tucker Barnhart","1197","10.61","0.181","0.126","0.264","0.307","0.209","0.199","0.183","23","127","85.1","4.5","2127","87.8","87.49","36","112","15","-0.3","6.10","113","149","117","148","288","312","292"
"216",457803,"Jay Bruce","1885","11.46","0.181","0.199","0.277","0.380","0.235","0.214","0.176","39","216","86.6","17.1","2193","88.3","87.85","92","199","17","-0.5","6.01","116","161","139","152","296","322","305"
"72",408236,"Adrian Gonzalez","684","10.53","0.181","0.056","0.325","0.236","0.182","0.186","0.176","13","72","87.3","10.3","2237","88.2","87.55","28","68","4","-0.6","5.94","118","166","122","152","294","316","304"
"139",543228,"Yan Gomes","1173","11.85","0.180","0.108","0.349","0.288","0.201","0.174","0.149","25","139","86.9","15.8","2248","88.6","88.25","60","126","13","-0.3","6.03","111","151","116","145","295","315","288"
"189",136860,"Carlos Beltran","1629","11.60","0.180","0.185","0.272","0.365","0.229","0.181","0.155","34","189","87.8","13.1","2246","87.8","87.33","73","174","15","-0.5","5.99","114","159","128","150","289","322","294"
"100",519222,"Austin Romine","779","12.84","0.180","0.070","0.347","0.250","0.187","0.193","0.187","18","100","87.9","10.2","2288","88.4","88.03","39","89","11","-0.4","6.07","109","151","116","147","299","316","282"
"206",592325,"Ben Gamel","1721","11.97","0.180","0.083","0.327","0.262","0.191","0.188","0.173","37","206","86.0","6.5","2197","87.3","86.96","71","180","26","-0.3","6.06","114","147","116","148","280","312","296"
"122",453064,"Troy Tulowitzki","967","12.62","0.180","0.082","0.250","0.262","0.192","0.185","0.167","22","122","84.8","3.1","2243","88.0","87.42","29","111","11","-0.6","6.03","108","152","118","146","299","325","293"
"173",541645,"Avisail Garcia","1395","12.40","0.179","0.098","0.333","0.277","0.196","0.175","0.153","31","173","85.9","6.6","2328","87.7","87.29","75","164","9","-0.4","6.01","109","151","116","146","301","322","290"
"229",446334,"Evan Longoria","1944","11.78","0.179","0.079","0.273","0.258","0.189","0.204","0.190","41","229","85.3","9.0","2251","88.4","87.59","71","213","16","-0.8","5.94","106","151","116","146","301","326","293"
"168",451594,"Dexter Fowler","1527","11.00","0.179","0.143","0.281","0.321","0.212","0.201","0.183","30","168","86.5","6.8","2200","88.7","88.35","55","149","19","-0.3","6.07","117","150","119","150","295","317","294"
"56",570481,"Erik Gonzalez","332","16.87","0.179","0.071","0.333","0.250","0.187","0.181","0.158","10","56","88.4","-1.2","2316","88.0","87.62","18","46","10","-0.4","5.94","110","150","115","144","293","312","286"
"106",543760,"Marcus Semien","890","11.91","0.179","0.038","0.352","0.217","0.175","0.171","0.173","19","106","84.0","14.8","2235","86.9","86.46","43","97","9","-0.4","6.00","108","149","113","145","299","318","289"
"207",607680,"Kevin Pillar","1759","11.77","0.179","0.101","0.256","0.280","0.197","0.182","0.179","37","207","83.9","11.4","2249","88.0","87.32","63","196","11","-0.7","5.98","107","149","113","144","297","318","284"
"213",452104,"Chase Headley","1805","11.80","0.178","0.061","0.366","0.239","0.182","0.163","0.157","38","213","85.4","9.3","2188","88.1","87.68","87","189","24","-0.4","6.04","115","154","124","149","288","317","292"
"174",407812,"Matt Holliday","1450","12.00","0.178","0.144","0.342","0.322","0.212","0.195","0.169","31","174","91.0","13.2","2266","88.7","87.93","77","156","18","-0.8","5.95","109","152","118","148","305","326","290"
"192",519048,"Mitch Moreland","1774","10.82","0.177","0.089","0.364","0.266","0.191","0.204","0.170","34","192","89.6","9.1","2259","88.0","87.47","83","173","19","-0.5","5.97","117","165","139","150","286","323","307"
"220",453943,"Todd Frazier","1935","11.37","0.177","0.164","0.261","0.341","0.219","0.205","0.174","39","220","87.1","17.1","2256","88.5","88.01","71","195","25","-0.5","6.00","107","151","116","145","299","323","290"
"62",592192,"Mark Canha","470","13.19","0.177","0.194","0.360","0.371","0.229","0.199","0.168","11","62","88.0","19.7","2203","88.2","87.74","29","56","6","-0.5","6.01","104","150","114","146","302","322","288"
"119",455104,"Chris Iannetta","910","13.08","0.176","0.202","0.356","0.378","0.232","0.190","0.158","21","119","88.7","7.7","2227","87.0","86.19","50","100","19","-0.8","5.78","109","151","114","145","304","319","293"
"108",573627,"Kennys Vargas","794","13.60","0.176","0.074","0.340","0.250","0.185","0.175","0.162","19","108","83.7","11.4","2233","87.3","86.66","37","91","17","-0.6","5.94","115","158","126","150","294","322","298"
"51",514913,"Ruben Tejada","450","11.33","0.176","0.059","0.250","0.235","0.179","0.200","0.195","9","51","82.8","14.2","2272","89.3","88.74","11","47","4","-0.6","6.01","109","151","113","145","296","310","275"
"34",592230,"Kaleb Cowart","264","12.88","0.176","0.029","0.333","0.206","0.169","0.209","0.206","6","34","89.6","8.1","2175","87.3","86.98","13","31","3","-0.3","6.09","114","149","119","148","292","318","296"
"165",461314,"Matt Kemp","1378","11.97","0.176","0.079","0.321","0.255","0.186","0.189","0.176","29","165","86.6","2.8","2219","87.9","87.43","72","158","7","-0.5","6.03","109","152","117","147","304","319","293"
"227",405395,"Albert Pujols","1838","12.35","0.176","0.106","0.234","0.282","0.197","0.240","0.216","40","227","87.3","10.5","2248","87.9","87.29","60","211","16","-0.6","5.98","107","152","118","145","305","327","297"
"80",519023,"Devin Mesoraco","671","11.92","0.175","0.113","0.300","0.288","0.198","0.163","0.151","14","80","80.4","11.7","2211","87.5","86.90","33","75","5","-0.6","6.02","110","150","115","144","295","316","289"
"206",598265,"Jackie Bradley Jr.","1637","12.58","0.175","0.078","0.311","0.252","0.185","0.178","0.161","36","206","89.1","9.2","2262","88.7","88.25","80","187","19","-0.4","6.04","112","147","126","149","284","320","302"
"246",458731,"Brett Gardner","2237","11.00","0.175","0.085","0.277","0.260","0.188","0.207","0.198","43","246","85.9","11.1","2259","88.4","87.86","68","213","33","-0.5","6.01","114","149","113","148","280","314","294"
"212",457705,"Andrew McCutchen","1998","10.61","0.175","0.085","0.268","0.259","0.188","0.211","0.193","37","212","86.7","13.5","2220","89.0","88.53","65","192","20","-0.5","5.99","108","151","114","145","302","317","291"
"46",605233,"Derek Fisher","403","11.41","0.174","0.022","0.444","0.196","0.164","0.176","0.171","8","46","89.7","1.5","2293","88.0","87.51","19","37","9","-0.5","5.98","118","149","119","150","292","327","295"
"270",592206,"Nicholas Castellanos","2043","13.22","0.174","0.111","0.291","0.285","0.197","0.202","0.171","47","270","88.5","14.3","2249","87.8","87.51","93","240","30","-0.3","6.04","110","152","117","147","300","324","292"
"207",605137,"Josh Bell","1919","10.79","0.174","0.130","0.274","0.304","0.203","0.188","0.168","36","207","87.3","8.5","2174","89.3","88.92","64","185","22","-0.4","6.04","117","151","118","149","296","316","296"
"127",518614,"Daniel Descalso","1227","10.35","0.173","0.102","0.392","0.276","0.193","0.145","0.127","22","127","86.8","12.3","2253","89.1","88.57","51","104","23","-0.5","5.94","117","148","117","150","287","315","299"
"81",547957,"Hyun Soo Kim","735","11.02","0.173","0.049","0.304","0.222","0.173","0.209","0.201","14","81","88.0","7.7","2280","89.3","88.62","23","69","12","-0.7","5.98","116","148","120","149","281","313","299"
"156",502110,"J.D. Martinez","1346","11.59","0.173","0.199","0.302","0.372","0.228","0.210","0.165","27","156","88.9","16.8","2278","87.5","87.07","79","150","6","-0.4","5.94","109","151","116","146","303","326","298"
"139",491676,"Gorkys Hernandez","1133","12.27","0.173","0.043","0.282","0.216","0.171","0.172","0.168","24","139","85.7","8.1","2261","88.3","87.67","43","128","11","-0.6","5.97","109","150","111","147","294","312","284"
"110",429666,"J.J. Hardy","914","12.04","0.173","0.091","0.273","0.264","0.188","0.173","0.174","19","110","86.2","5.5","2278","88.7","87.95","28","95","15","-0.7","5.96","108","151","114","146","296","313","280"
"81",445988,"Martin Prado","625","12.96","0.173","0.025","0.237","0.198","0.164","0.194","0.196","14","81","86.4","2.0","2162","89.2","88.54","16","75","6","-0.7","6.00","112","150","114","146","301","311","285"
"122",518595,"Travis d'Arnaud","998","12.22","0.172","0.082","0.268","0.254","0.184","0.191","0.180","21","122","86.2","10.8","2237","88.2","87.97","36","109","13","-0.2","6.08","110","152","115","148","296","315","289"
"204",641355,"Cody Bellinger","1735","11.76","0.172","0.196","0.282","0.368","0.226","0.210","0.164","35","204","90.0","16.6","2268","88.7","87.97","83","179","25","-0.7","5.88","115","154","133","151","299","321","304"
"174",622534,"Manuel Margot","1405","12.38","0.172","0.103","0.274","0.276","0.193","0.195","0.188","30","174","83.8","10.8","2310","88.1","87.35","65","164","10","-0.7","5.89","111","152","113","147","300","315","287"
"41",572228,"Luke Voit","348","11.78","0.171","0.244","0.313","0.415","0.241","0.213","0.143","7","41","93.5","21.1","2138","87.0","87.00","17","35","6","0.0","6.05","111","152","116","146","302","319","298"
"205",474568,"Jordy Mercer","1819","11.27","0.171","0.073","0.242","0.244","0.180","0.173","0.168","35","205","83.0","6.2","2262","88.7","88.16","48","183","22","-0.5","5.96","110","150","113","146","300","313","285"
"187",518735,"Yasmani Grandal","1411","13.25","0.171","0.139","0.292","0.310","0.204","0.164","0.145","32","187","86.7","11.4","2190","88.2","87.49","81","176","11","-0.7","5.90","115","156","124","150","297","317","301"
"164",502054,"Tommy Pham","1559","10.52","0.171","0.079","0.368","0.250","0.182","0.150","0.144","28","164","86.6","5.7","2235","89.1","88.76","54","125","39","-0.3","6.03","111","150","114","146","301","318","292"
"217",608577,"Nomar Mazara","1852","11.72","0.171","0.092","0.279","0.263","0.186","0.168","0.153","37","217","85.4","7.6","2216","88.2","87.92","65","190","27","-0.3","6.08","117","151","124","150","292","323","302"
"106",455139,"Robinson Chirinos","850","12.47","0.170","0.208","0.273","0.377","0.228","0.193","0.153","18","106","87.1","17.7","2233","87.5","87.37","50","100","6","-0.1","6.15","108","149","114","144","298","317","286"
"171",518618,"Derek Dietrich","1399","12.22","0.170","0.111","0.250","0.281","0.193","0.207","0.183","29","171","84.5","15.8","2169","88.4","87.74","45","149","22","-0.7","6.02","116","149","118","150","288","316","299"
"106",453923,"Gregor Blanco","899","11.79","0.170","0.142","0.276","0.311","0.203","0.162","0.157","18","106","84.9","13.5","2149","88.4","87.94","33","93","13","-0.5","5.92","115","148","114","150","286","315","301"
"47",452672,"Ryan Hanigan","390","12.05","0.170","0.043","0.364","0.213","0.168","0.155","0.156","8","47","82.8","3.5","2203","89.5","89.37","21","43","4","-0.1","6.02","111","148","113","145","302","317","289"
"53",454560,"A.J. Ellis","444","11.94","0.170","0.094","0.250","0.264","0.187","0.139","0.135","9","53","84.4","11.3","2232","89.9","89.30","16","49","4","-0.6","6.02","110","151","114","146","297","307","282"
"223",571875,"Jake Lamb","2019","11.05","0.170","0.117","0.355","0.287","0.195","0.177","0.162","38","223","88.8","10.0","2276","88.2","87.58","87","185","38","-0.6","5.90","116","152","127","151","299","323","304"
"241",570267,"Domingo Santana","1956","12.32","0.170","0.116","0.361","0.286","0.195","0.173","0.157","41","241","86.5","8.1","2214","89.1","88.54","103","206","35","-0.6","6.00","110","151","115","147","303","315","290"
"159",502481,"Jarrod Dyson","1398","11.37","0.170","0.057","0.252","0.226","0.173","0.161","0.157","27","159","78.3","12.5","2233","88.4","87.96","37","141","18","-0.4","6.04","112","145","106","144","270","305","294"
"94",519083,"Derek Norris","751","12.52","0.170","0.181","0.268","0.351","0.219","0.203","0.166","16","94","89.5","19.5","2292","86.8","86.19","43","89","5","-0.6","6.05","109","153","115","148","297","321","285"
"219",542921,"Tim Beckham","1687","12.98","0.169","0.068","0.372","0.237","0.176","0.160","0.152","37","219","85.4","8.5","2221","87.8","87.33","93","189","29","-0.5","6.04","110","152","114","146","298","322","289"
"71",642162,"Pat Valaika","535","13.27","0.169","0.113","0.367","0.282","0.192","0.151","0.141","12","71","83.1","16.0","2172","87.6","87.39","30","61","10","-0.2","5.89","109","151","114","147","304","320","293"
"95",455759,"Chris Young","889","10.69","0.168","0.189","0.255","0.358","0.220","0.186","0.158","16","95","87.5","17.0","2259","88.5","87.98","33","84","11","-0.5","6.03","108","152","115","145","287","319","292"
"179",592273,"Brandon Drury","1426","12.55","0.168","0.061","0.315","0.229","0.173","0.164","0.163","30","179","84.6","2.3","2245","88.5","88.08","56","149","30","-0.4","5.97","109","151","113","147","302","319","292"
"197",459964,"Matt Joyce","1761","11.19","0.168","0.137","0.257","0.305","0.200","0.201","0.170","33","197","87.3","12.4","2230","87.4","86.91","62","173","24","-0.5","5.99","117","155","129","151","290","318","298"
"101",656305,"Matt Chapman","723","13.97","0.168","0.178","0.341","0.347","0.215","0.158","0.135","17","101","88.1","25.3","2289","87.4","87.04","40","84","17","-0.4","5.95","109","151","115","145","302","317","290"
"108",640461,"Chad Pinder","806","13.40","0.167","0.065","0.362","0.231","0.173","0.182","0.164","18","108","86.9","8.5","2295","87.4","86.72","45","93","15","-0.7","5.91","108","149","114","145","300","317","286"
"48",452220,"Stephen Drew","440","10.91","0.167","0.063","0.296","0.229","0.172","0.142","0.141","8","48","86.6","15.1","2130","88.4","88.23","19","46","2","-0.2","6.21","117","148","120","151","291","316","297"
"60",605509,"Kelby Tomlinson","581","10.33","0.167","0.000","0.357","0.167","0.150","0.134","0.138","10","60","83.8","7.0","2299","88.5","87.88","23","51","9","-0.6","5.90","112","150","112","147","293","305","276"
"222",444876,"Alcides Escobar","1779","12.48","0.167","0.045","0.274","0.212","0.166","0.167","0.169","37","222","82.5","10.8","2258","87.6","87.30","74","209","13","-0.3","6.07","107","149","111","146","297","314","278"
"84",488721,"Peter Bourjos","633","13.27","0.167","0.095","0.300","0.262","0.185","0.118","0.105","14","84","82.3","-2.4","2208","88.7","88.20","29","71","13","-0.5","6.05","108","150","112","145","297","317","282"
"90",581527,"Devon Travis","747","12.05","0.167","0.144","0.260","0.311","0.202","0.207","0.174","15","90","84.2","16.0","2241","87.4","86.39","27","79","11","-1.0","5.81","108","150","114","146","301","319","282"
"90",542454,"Danny Santana","626","14.38","0.167","0.122","0.277","0.289","0.194","0.167","0.145","15","90","84.0","2.2","2129","86.9","86.36","37","86","4","-0.5","5.88","111","148","113","149","287","313","293"
"198",434158,"Curtis Granderson","1786","11.09","0.167","0.146","0.265","0.313","0.203","0.177","0.149","33","198","85.8","19.9","2213","87.8","87.27","73","181","17","-0.5","6.03","114","156","135","151","290","318","300"
"36",425844,"Zack Greinke","244","14.75","0.167","0.028","0.261","0.194","0.160","0.160","0.157","6","36","89.6","11.1","2229","88.2","87.57","9","32","4","-0.6","5.89","113","151","111","148","299","310","283"
"228",519317,"Giancarlo Stanton","2077","10.98","0.167","0.136","0.304","0.303","0.199","0.211","0.175","38","228","92.0","10.6","2283","88.5","87.79","96","205","23","-0.7","6.01","108","152","119","145","309","326","302"
"198",576397,"Jedd Gyorko","1690","11.72","0.167","0.096","0.293","0.263","0.185","0.175","0.153","33","198","84.7","12.5","2226","88.6","88.13","72","175","23","-0.5","6.04","109","151","116","147","303","318","292"
"151",488671,"Alex Avila","1300","11.62","0.166","0.099","0.375","0.265","0.185","0.229","0.183","25","151","92.8","11.2","2170","89.0","88.75","62","122","29","-0.3","6.11","116","168","134","152","289","321","306"
"151",572365,"Ryan Goins","1209","12.49","0.166","0.086","0.271","0.252","0.180","0.151","0.142","25","151","84.6","8.6","2228","87.3","86.65","44","131","19","-0.6","5.95","113","148","116","149","278","316","301"
"243",596059,"Rougned Odor","1833","13.26","0.165","0.177","0.246","0.342","0.213","0.205","0.165","40","243","89.6","19.7","2222","87.3","86.97","104","230","13","-0.3","6.05","116","154","133","150","294","323","301"
"164",518626,"Josh Donaldson","1496","10.96","0.165","0.134","0.256","0.299","0.197","0.196","0.172","27","164","88.0","7.0","2281","88.8","88.52","52","140","24","-0.3","6.05","107","152","118","146","301","328","297"
"134",465041,"Francisco Cervelli","1207","11.10","0.164","0.134","0.277","0.299","0.196","0.182","0.161","22","134","87.1","6.2","2272","88.1","87.63","47","116","18","-0.5","5.99","110","152","113","147","302","314","286"
"238",520471,"Freddy Galvis","2017","11.80","0.164","0.055","0.252","0.218","0.167","0.168","0.165","39","238","83.6","11.8","2207","88.0","87.52","72","224","14","-0.5","6.06","114","149","113","149","285","311","290"
"160",543257,"Robbie Grossman","1517","10.55","0.163","0.044","0.269","0.206","0.162","0.187","0.184","26","160","84.7","9.6","2162","88.1","87.60","33","127","33","-0.5","6.07","114","150","121","148","287","316","292"
"203",621020,"Dansby Swanson","1579","12.86","0.163","0.059","0.283","0.222","0.167","0.175","0.173","33","203","85.9","5.9","2185","88.7","88.28","64","178","25","-0.4","6.02","110","149","113","147","299","310","283"
"104",543068,"C.J. Cron","792","13.13","0.163","0.077","0.283","0.240","0.175","0.202","0.177","17","104","87.9","11.4","2291","87.4","86.67","39","94","10","-0.7","5.94","108","151","117","146","306","324","296"
"86",608384,"Nick Williams","621","13.85","0.163","0.058","0.325","0.221","0.167","0.178","0.160","14","86","87.7","5.4","2284","87.5","87.23","32","73","13","-0.3","6.21","115","148","116","151","284","313","300"
"234",444432,"Mark Trumbo","1844","12.69","0.162","0.090","0.284","0.252","0.179","0.173","0.160","38","234","88.0","8.4","2258","88.1","87.40","89","210","24","-0.7","5.91","110","152","117","146","302","325","294"
"216",594777,"Kole Calhoun","1871","11.54","0.162","0.042","0.298","0.204","0.161","0.162","0.155","35","216","86.1","8.0","2253","87.7","87.19","81","196","20","-0.5","5.96","117","153","127","149","290","322","302"
"111",459431,"Michael Saunders","912","12.17","0.162","0.144","0.276","0.306","0.197","0.202","0.175","18","111","88.7","15.1","2214","88.1","87.48","42","102","9","-0.6","6.06","118","152","128","152","288","315","296"
"154",543401,"Jason Kipnis","1298","11.86","0.162","0.136","0.230","0.299","0.195","0.183","0.160","25","154","85.6","19.5","2190","87.2","86.74","53","145","9","-0.5","5.99","116","147","123","148","285","317","299"
"254",594807,"Adam Duvall","1955","12.99","0.161","0.126","0.286","0.287","0.191","0.175","0.154","41","254","86.8","20.1","2229","89.0","88.58","93","219","35","-0.4","6.08","106","149","115","144","300","319","292"
"31",666561,"Jae-Gyun Hwang","240","12.92","0.161","0.032","0.313","0.194","0.156","0.138","0.145","5","31","80.8","18.3","2331","88.6","88.36","9","25","6","-0.2","6.15","108","152","114","147","298","320","290"
"31",448605,"Justin Ruggiano","228","13.60","0.161","0.129","0.308","0.290","0.192","0.123","0.115","5","31","81.1","16.3","2185","88.0","87.21","11","25","6","-0.8","6.02","115","151","113","147","295","315","285"
"112",571745,"Mitch Haniger","983","11.39","0.161","0.089","0.302","0.250","0.177","0.161","0.135","18","112","85.6","10.6","2225","88.1","87.77","35","90","22","-0.3","6.04","106","150","114","144","295","314","285"
"249",429665,"Edwin Encarnacion","2187","11.39","0.161","0.112","0.244","0.273","0.186","0.207","0.177","40","249","87.8","14.0","2221","88.8","88.40","82","221","28","-0.4","5.99","110","152","118","144","297","325","299"
"174",521692,"Salvador Perez","1383","12.58","0.161","0.109","0.253","0.270","0.184","0.200","0.164","28","174","87.2","18.9","2232","87.0","86.60","66","165","9","-0.4","6.06","108","150","115","146","300","325","294"
"106",642707,"Allen Cordoba","794","13.35","0.160","0.009","0.283","0.170","0.148","0.163","0.170","17","106","77.8","5.1","2293","87.0","86.45","31","91","15","-0.6","5.90","112","152","113","147","299","313","285"
"163",460576,"Carlos Gomez","1298","12.56","0.160","0.086","0.415","0.245","0.175","0.171","0.147","26","163","88.5","14.8","2269","88.2","87.81","87","144","19","-0.4","6.04","108","150","113","146","302","321","292"
"226",502143,"Danny Valencia","1741","12.98","0.159","0.093","0.271","0.252","0.177","0.184","0.167","36","226","88.1","8.8","2253","86.8","86.27","83","205","21","-0.5","6.02","107","151","117","146","298","319","290"
"165",571437,"Aaron Altherr","1306","12.63","0.158","0.182","0.268","0.339","0.208","0.171","0.137","26","165","86.4","12.5","2233","89.0","88.53","61","139","26","-0.5","6.02","107","150","114","147","297","318","293"
"120",621002,"Daniel Robertson","920","13.04","0.158","0.042","0.333","0.200","0.158","0.128","0.119","19","120","84.0","8.3","2202","87.5","86.85","45","100","20","-0.6","5.96","109","151","114","147","299","319","285"
"234",641313,"Tim Anderson","1613","14.51","0.158","0.094","0.303","0.252","0.176","0.157","0.145","37","234","84.3","6.1","2286","87.6","87.23","106","219","15","-0.4","6.02","107","149","111","144","294","314","282"
"159",452678,"Asdrubal Cabrera","1475","10.78","0.157","0.082","0.237","0.239","0.171","0.201","0.190","25","159","85.3","7.2","2254","88.2","87.84","48","147","12","-0.4","6.09","112","151","119","150","291","316","297"
"248",553993,"Eugenio Suarez","2097","11.83","0.157","0.149","0.242","0.306","0.195","0.199","0.174","39","248","85.5","10.5","2204","88.1","87.73","78","214","34","-0.4","6.06","108","151","115","145","300","316","286"
"70",458675,"Colby Rasmus","484","14.46","0.157","0.143","0.364","0.300","0.194","0.192","0.157","11","70","90.1","10.5","2264","88.0","87.19","41","66","4","-0.8","6.08","113","158","132","150","293","327","301"
"211",489149,"Logan Morrison","1894","11.14","0.156","0.175","0.258","0.332","0.205","0.178","0.144","33","211","86.2","17.7","2284","89.2","88.69","85","184","27","-0.5","6.05","116","168","137","152","295","327","301"
"32",570482,"Giovanny Urshela","277","11.55","0.156","0.000","0.238","0.156","0.141","0.144","0.142","5","32","84.4","10.9","2254","86.8","86.22","9","30","2","-0.6","5.95","113","152","116","147","301","315","284"
"179",545341,"Randal Grichuk","1332","13.44","0.156","0.151","0.314","0.307","0.195","0.186","0.148","28","179","89.2","12.5","2280","88.5","87.84","83","159","20","-0.7","5.93","107","151","115","146","303","319","294"
"32",650490,"Yandy Diaz","275","11.64","0.156","0.000","0.333","0.156","0.141","0.133","0.139","5","32","92.1","1.6","2281","89.9","89.54","10","25","7","-0.4","6.03","109","151","114","148","301","314","282"
"174",593528,"Jorge Bonifacio","1450","12.00","0.155","0.098","0.333","0.253","0.175","0.153","0.133","27","174","87.8","14.9","2261","88.5","88.20","78","151","23","-0.3","6.04","109","150","115","146","300","320","288"
"71",519333,"Matt Szczur","692","10.26","0.155","0.085","0.244","0.239","0.170","0.159","0.155","11","71","85.2","11.4","2216","88.5","88.14","23","65","6","-0.4","5.99","109","151","112","146","296","311","285"
"219",467793,"Carlos Santana","2074","10.56","0.155","0.110","0.224","0.265","0.179","0.220","0.192","34","219","87.9","13.3","2189","88.3","88.03","62","200","19","-0.3","6.10","114","159","130","149","295","323","300"
"221",434778,"Kendrys Morales","1810","12.21","0.154","0.100","0.254","0.253","0.174","0.230","0.198","34","221","90.3","6.8","2218","86.7","86.15","92","211","10","-0.5","5.95","114","163","131","149","296","328","303"
"117",474892,"Chris Carter","890","13.15","0.154","0.094","0.395","0.248","0.173","0.155","0.131","18","117","89.2","21.7","2268","88.6","88.13","53","94","23","-0.5","5.98","110","152","118","146","304","327","293"
"137",488862,"Yunel Escobar","1357","10.10","0.153","0.088","0.217","0.241","0.170","0.217","0.198","21","137","85.2","4.2","2241","87.2","86.75","44","130","7","-0.4","6.00","108","150","114","146","301","320","287"
"170",608365,"Addison Russell","1350","12.59","0.153","0.088","0.267","0.241","0.169","0.175","0.165","26","170","85.8","12.8","2247","88.2","87.91","63","152","18","-0.3","6.08","110","151","113","146","297","314","289"
"125",444379,"John Jaso","1096","11.41","0.152","0.112","0.239","0.264","0.177","0.183","0.159","19","125","85.2","13.6","2220","87.8","87.24","45","115","10","-0.6","5.95","118","154","124","152","290","314","295"
"33",488818,"Chase d'Arnaud","228","14.47","0.152","0.000","0.385","0.152","0.136","0.104","0.109","5","33","81.9","-2.8","2313","85.7","84.67","15","28","5","-1.0","5.92","110","152","113","147","299","312","284"
"231",519346,"Eric Thames","1917","12.05","0.152","0.203","0.250","0.355","0.210","0.193","0.150","35","231","87.2","13.5","2170","88.4","87.86","101","202","29","-0.5","5.98","119","153","129","151","298","319","300"
"66",624414,"Christian Arroyo","537","12.29","0.152","0.015","0.294","0.167","0.142","0.156","0.153","10","66","84.5","5.4","2201","86.0","85.37","21","55","11","-0.6","6.01","112","151","112","147","296","315","288"
"257",593934,"Miguel Sano","1963","13.09","0.152","0.167","0.351","0.319","0.198","0.177","0.133","39","257","92.6","12.6","2263","87.5","86.90","144","231","26","-0.6","5.97","107","152","118","146","302","325","296"
"164",541650,"Hernan Perez","1276","12.85","0.152","0.061","0.235","0.213","0.159","0.178","0.173","25","164","87.2","11.2","2237","88.1","87.67","53","153","11","-0.4","5.99","110","150","114","147","302","312","286"
"151",450314,"Ben Zobrist","1442","10.47","0.152","0.040","0.230","0.192","0.151","0.207","0.209","23","151","84.5","5.1","2142","89.2","88.90","31","131","20","-0.3","6.07","116","149","118","149","292","315","295"
"46",502226,"Craig Gentry","375","12.27","0.152","0.065","0.292","0.217","0.160","0.153","0.143","7","46","84.9","9.1","2277","87.7","87.05","16","40","6","-0.6","6.01","108","150","112","145","296","312","277"
"106",573135,"Tyler Saladino","874","12.13","0.151","0.047","0.271","0.198","0.152","0.128","0.127","16","106","85.8","10.5","2260","87.9","87.31","37","96","10","-0.6","6.06","108","150","111","145","294","312","280"
"86",605113,"Nick Ahmed","637","13.50","0.151","0.093","0.261","0.244","0.169","0.153","0.153","13","86","85.2","11.0","2235","89.2","88.56","33","80","6","-0.6","5.95","109","151","112","147","302","318","291"
"220",519306,"Steven Souza Jr.","1975","11.14","0.150","0.159","0.338","0.309","0.193","0.155","0.126","33","220","90.2","9.1","2263","88.5","87.89","93","171","49","-0.6","6.00","108","152","115","146","300","325","292"
"40",547912,"Gift Ngoepe","282","14.18","0.150","0.075","0.429","0.225","0.161","0.109","0.108","6","40","75.5","-6.1","2247","88.9","88.18","22","36","4","-0.7","5.91","109","149","111","146","302","310","279"
"140",571718,"Brian Goodwin","1148","12.20","0.150","0.150","0.242","0.300","0.189","0.175","0.156","21","140","87.6","12.5","2132","88.6","88.56","53","124","16","0.0","6.18","117","147","114","150","287","313","298"
"67",430001,"Rickie Weeks Jr.","482","13.90","0.149","0.090","0.529","0.239","0.166","0.119","0.100","10","67","90.4","14.4","2236","87.4","86.96","42","60","7","-0.4","6.13","107","152","115","147","293","325","289"
"235",435063,"Mike Napoli","1771","13.27","0.149","0.174","0.276","0.323","0.197","0.194","0.141","35","235","88.7","25.5","2236","89.3","88.89","107","205","30","-0.4","6.08","108","152","116","146","301","326","296"
"181",434670,"Hanley Ramirez","1635","11.07","0.149","0.083","0.247","0.232","0.164","0.192","0.172","27","181","87.6","8.2","2283","88.8","88.31","62","159","22","-0.5","6.02","111","151","117","146","293","324","297"
"169",523253,"Logan Forsythe","1424","11.87","0.148","0.041","0.289","0.189","0.148","0.161","0.152","25","169","85.3","10.3","2283","89.3","88.65","55","139","30","-0.7","5.91","110","152","114","147","299","311","288"
"210",425783,"Shin-Soo Choo","1991","10.55","0.148","0.052","0.259","0.200","0.152","0.168","0.158","31","210","84.3","5.0","2216","89.0","88.69","70","184","26","-0.3","6.15","117","150","125","150","287","318","300"
"61",592710,"Josh Rutledge","459","13.29","0.148","0.000","0.300","0.148","0.133","0.140","0.147","9","61","83.0","1.9","2278","87.6","86.96","22","52","9","-0.6","6.03","106","149","114","146","292","316","284"
"183",621439,"Byron Buxton","1398","13.09","0.148","0.098","0.325","0.246","0.168","0.136","0.128","27","183","87.1","12.4","2291","87.9","87.50","81","160","23","-0.4","6.04","107","149","110","142","295","314","283"
"170",572008,"Chris Owings","1369","12.42","0.147","0.059","0.293","0.206","0.153","0.136","0.132","25","170","83.0","9.6","2280","86.9","86.20","72","155","15","-0.7","5.85","108","150","111","147","302","316","290"
"48",502317,"Chris Heisey","340","14.12","0.146","0.042","0.269","0.188","0.146","0.189","0.159","7","48","85.1","7.2","2140","88.7","88.10","20","46","2","-0.6","6.03","108","150","113","145","297","313","289"
"41",451089,"Shane Peterson","332","12.35","0.146","0.122","0.263","0.268","0.176","0.184","0.159","6","41","83.3","19.1","2212","88.4","87.60","17","37","4","-0.8","5.91","118","149","116","150","284","318","300"
"82",435559,"Kurt Suzuki","754","10.88","0.146","0.146","0.184","0.293","0.185","0.188","0.160","12","82","85.5","18.5","2174","89.3","88.98","25","77","5","-0.3","6.07","110","150","115","147","301","314","285"
"235",596115,"Trevor Story","1705","13.78","0.145","0.119","0.325","0.264","0.173","0.131","0.111","34","235","89.1","18.8","2247","88.9","88.74","105","195","40","-0.2","6.04","109","151","114","146","308","324","300"
"166",605486,"Cory Spangenberg","1328","12.50","0.145","0.054","0.324","0.199","0.150","0.123","0.116","24","166","85.6","8.8","2260","87.9","87.26","73","143","23","-0.6","5.96","113","147","113","149","284","312","297"
"227",592669,"Hunter Renfroe","1692","13.42","0.145","0.106","0.296","0.251","0.169","0.157","0.141","33","227","86.7","11.8","2321","88.1","87.46","90","192","35","-0.6","5.95","109","152","116","146","302","321","298"
"181",475174,"Yonder Alonso","1669","10.84","0.144","0.122","0.250","0.265","0.173","0.188","0.156","26","181","87.0","17.5","2203","87.5","86.90","85","171","10","-0.6","5.96","117","159","129","152","291","320","301"
"153",664023,"Ian Happ","1182","12.94","0.144","0.111","0.300","0.255","0.170","0.164","0.148","22","153","84.8","14.1","2205","88.6","88.22","68","132","21","-0.4","6.05","113","149","119","150","294","316","298"
"140",461858,"Trevor Plouffe","1129","12.40","0.143","0.021","0.351","0.164","0.136","0.132","0.131","20","140","89.1","7.4","2245","87.1","86.47","58","115","25","-0.6","5.96","108","151","115","146","301","323","289"
"63",446386,"Brandon Guyer","533","11.82","0.143","0.063","0.333","0.206","0.151","0.138","0.138","9","63","83.3","16.7","2197","89.2","88.93","22","49","14","-0.3","6.07","107","149","113","144","296","314","286"
"56",621566,"Matt Olson","412","13.59","0.143","0.107","0.273","0.250","0.168","0.162","0.142","8","56","87.3","13.1","2243","87.6","86.97","27","51","5","-0.6","5.96","116","159","138","151","293","321","301"
"259",571976,"Wil Myers","2088","12.40","0.143","0.139","0.274","0.282","0.179","0.154","0.130","37","259","87.5","12.3","2315","89.0","88.28","96","210","49","-0.7","5.90","109","151","115","145","303","322","298"
"63",640449,"Clint Frazier","451","13.97","0.143","0.143","0.286","0.286","0.179","0.155","0.152","9","63","87.0","10.1","2225","88.4","88.06","29","58","5","-0.3","6.06","109","153","117","148","298","315","286"
"56",572863,"Dustin Garneau","379","14.78","0.143","0.054","0.308","0.196","0.147","0.146","0.152","8","56","80.4","18.5","2222","87.3","86.94","26","52","4","-0.4","5.94","106","150","112","144","305","322","292"
"197",596748,"Maikel Franco","1829","10.77","0.142","0.096","0.200","0.239","0.163","0.184","0.171","28","197","87.0","8.3","2222","87.9","87.30","56","180","17","-0.6","6.05","108","151","115","146","295","318","290"
"134",518792,"Jason Heyward","1285","10.43","0.142","0.045","0.225","0.187","0.144","0.177","0.175","19","134","85.5","2.3","2187","89.0","88.36","44","125","9","-0.6","5.97","117","149","120","150","290","317","299"
"127",435263,"Brian McCann","1247","10.18","0.142","0.063","0.207","0.205","0.150","0.176","0.172","18","127","85.9","12.6","2265","87.4","86.80","33","116","11","-0.6","5.97","114","163","133","152","288","323","295"
"71",471083,"Miguel Montero","651","10.91","0.141","0.056","0.237","0.197","0.147","0.137","0.124","10","71","84.2","14.2","2211","88.4","87.82","25","64","7","-0.6","6.02","116","160","125","151","291","320","300"
"128",545350,"Jake Marisnick","940","13.62","0.141","0.102","0.304","0.242","0.164","0.141","0.122","18","128","86.1","12.6","2238","88.3","87.92","67","117","11","-0.4","6.11","108","149","112","145","297","320","285"
"71",593700,"Alen Hanson","619","11.47","0.141","0.014","0.250","0.155","0.132","0.111","0.115","10","71","82.5","9.9","2223","88.6","88.18","25","65","6","-0.4","6.04","111","146","110","144","280","310","290"
"57",434563,"Carlos Ruiz","501","11.38","0.140","0.105","0.292","0.246","0.164","0.203","0.186","8","57","90.0","8.2","2137","88.6","88.14","16","41","16","-0.5","6.05","110","150","116","146","293","311","277"
"223",542979,"Keon Broxton","1571","14.19","0.139","0.211","0.288","0.350","0.202","0.178","0.135","31","223","87.3","7.3","2259","88.3","87.74","99","177","46","-0.6","5.93","110","150","112","146","303","313","287"
"36",431094,"Aaron Hill","334","10.78","0.139","0.111","0.182","0.250","0.165","0.218","0.204","5","36","87.8","20.6","2318","89.7","89.62","7","30","6","-0.1","6.02","109","151","115","146","302","319","290"
"145",543543,"Brad Miller","1267","11.44","0.138","0.131","0.279","0.269","0.171","0.178","0.154","20","145","90.2","8.9","2290","88.4","87.71","59","123","22","-0.7","5.96","114","151","123","150","288","324","299"
"95",571918,"Deven Marrero","712","13.34","0.137","0.074","0.279","0.211","0.149","0.134","0.135","13","95","88.3","2.3","2265","88.4","87.91","40","84","10","-0.5","5.98","106","147","112","144","291","315","285"
"146",572191,"Michael Taylor","1050","13.90","0.137","0.068","0.339","0.205","0.148","0.142","0.127","20","146","83.8","12.8","2232","88.3","87.98","69","126","20","-0.3","6.09","110","150","112","146","299","315","294"
"198",446263,"Lucas Duda","1565","12.65","0.136","0.152","0.204","0.288","0.178","0.198","0.164","27","198","90.3","14.8","2236","87.9","87.36","73","174","24","-0.5","6.00","117","165","139","154","295","322","306"
"266",430832,"Jose Bautista","2361","11.27","0.135","0.094","0.224","0.229","0.156","0.167","0.147","36","266","86.9","13.8","2305","88.3","87.71","95","235","31","-0.6","5.99","108","152","117","145","299","326","300"
"187",474832,"Brandon Belt","1866","10.02","0.134","0.139","0.256","0.273","0.170","0.186","0.154","25","187","86.7","21.6","2194","88.6","88.14","73","156","31","-0.5","6.04","115","160","134","151","296","322","304"
"187",543063,"Brandon Crawford","1596","11.72","0.134","0.048","0.240","0.182","0.137","0.151","0.139","25","187","84.8","9.8","2203","88.0","87.52","74","175","12","-0.5","6.01","115","148","117","150","293","320","301"
"45",518466,"Jabari Blash","420","10.71","0.133","0.067","0.417","0.200","0.144","0.122","0.103","6","45","88.6","20.6","2260","89.0","88.49","26","39","6","-0.5","5.98","106","149","114","144","302","322","302"
"53",547982,"Leonys Martin","434","12.21","0.132","0.057","0.269","0.189","0.139","0.174","0.157","7","53","90.6","7.7","2235","86.4","85.72","21","47","6","-0.7","5.87","112","147","117","149","279","312","299"
"191",571602,"Matt Davidson","1347","14.18","0.131","0.131","0.300","0.262","0.165","0.160","0.127","25","191","88.5","15.1","2306","88.2","87.73","95","162","29","-0.5","6.00","108","151","115","146","299","321","289"
"200",542340,"Jonathan Villar","1551","12.89","0.130","0.120","0.273","0.250","0.160","0.122","0.113","26","200","87.2","-2.4","2137","88.9","88.37","93","175","25","-0.5","6.01","115","149","112","148","292","310","290"
"247",501981,"Khris Davis","2064","11.97","0.130","0.158","0.284","0.287","0.174","0.192","0.139","32","247","93.5","13.2","2229","88.1","87.69","126","211","36","-0.4","6.01","108","152","116","146","304","325","294"
"162",446308,"Matt Wieters","1363","11.89","0.130","0.062","0.225","0.191","0.139","0.158","0.145","21","162","83.3","8.7","2206","89.9","89.49","52","142","20","-0.4","6.07","115","155","123","151","291","316","300"
"85",547379,"Roberto Perez","741","11.47","0.129","0.059","0.294","0.188","0.138","0.158","0.139","11","85","88.1","8.3","2274","88.6","88.02","34","69","16","-0.6","6.00","111","151","116","146","293","313","287"
"62",606132,"Raimel Tapia","496","12.50","0.129","0.097","0.212","0.226","0.151","0.109","0.108","8","62","79.6","19.2","2293","88.9","88.24","26","60","2","-0.7","5.89","114","145","109","145","286","313","302"
"141",431145,"Russell Martin","1346","10.48","0.128","0.106","0.230","0.234","0.154","0.166","0.148","18","141","87.9","9.8","2284","88.3","87.67","52","117","24","-0.6","5.99","108","151","116","146","299","321","288"
"79",506560,"Alexi Amarista","610","12.95","0.127","0.101","0.174","0.228","0.151","0.161","0.160","10","79","83.1","11.7","2217","88.5","88.10","26","74","5","-0.4","5.97","111","147","111","148","287","313","299"
"143",519237,"Cameron Rupp","1140","12.54","0.126","0.154","0.250","0.280","0.169","0.164","0.128","18","143","90.7","12.8","2226","90.0","89.69","67","121","22","-0.3","6.17","112","153","116","148","295","317","289"
"32",607536,"Kyle Freeland","174","18.39","0.125","0.031","0.500","0.156","0.123","0.054","0.055","4","32","83.2","-10.2","2213","87.8","87.52","15","23","8","-0.3","5.92","114","147","108","147","280","308","295"
"48",545338,"Nick Franklin","476","10.08","0.125","0.063","0.231","0.188","0.134","0.178","0.176","6","48","79.5","5.8","2219","88.2","87.69","18","44","4","-0.5","5.94","116","148","119","149","288","309","291"
"152",594988,"Scott Schebler","1375","11.05","0.125","0.099","0.238","0.224","0.148","0.137","0.121","19","152","86.1","8.9","2207","88.6","88.17","72","139","13","-0.4","6.12","117","155","130","150","295","319","298"
"48",571788,"Brock Holt","400","12.00","0.125","0.000","0.222","0.125","0.113","0.095","0.101","6","48","80.6","0.5","2254","88.2","87.75","14","41","7","-0.5","6.07","113","146","112","146","269","309","298"
"129",571771,"Enrique Hernandez","1114","11.58","0.124","0.101","0.222","0.225","0.148","0.146","0.132","16","129","87.1","8.1","2263","87.3","86.64","52","117","12","-0.7","5.89","109","150","114","146","299","313","291"
"113",600301,"Taylor Motter","927","12.19","0.124","0.044","0.224","0.168","0.127","0.163","0.161","14","113","86.3","13.3","2285","88.6","88.16","37","96","17","-0.4","6.06","106","149","114","144","292","317","287"
"137",592626,"Joc Pederson","1239","11.06","0.124","0.095","0.194","0.219","0.146","0.187","0.159","17","137","88.3","11.0","2225","88.9","88.22","43","118","19","-0.7","5.91","115","153","130","153","297","319","305"
"177",471865,"Carlos Gonzalez","1488","11.90","0.124","0.045","0.241","0.169","0.128","0.137","0.137","22","177","85.6","1.7","2234","86.9","86.53","78","166","11","-0.4","5.94","117","158","129","152","303","327","307"
"81",607385,"Tyler Collins","609","13.30","0.123","0.123","0.242","0.247","0.156","0.178","0.143","10","81","89.4","16.5","2166","88.0","87.38","35","70","11","-0.6","6.01","113","147","121","149","283","318","299"
"138",489267,"Adam Rosales","971","14.21","0.123","0.014","0.274","0.138","0.116","0.129","0.129","17","138","84.8","23.7","2259","88.8","88.15","59","121","17","-0.6","5.97","107","150","113","145","297","316","284"
"211",608336,"Joey Gallo","1727","12.22","0.123","0.204","0.292","0.327","0.185","0.150","0.103","26","211","93.9","21.8","2233","87.1","86.49","113","173","38","-0.6","6.00","119","166","140","150","300","328","303"
"171",595978,"Austin Hedges","1161","14.73","0.123","0.123","0.205","0.246","0.155","0.125","0.106","21","171","86.3","14.2","2317","88.5","87.90","84","163","8","-0.6","5.95","109","151","115","146","298","315","290"
"73",623182,"Patrick Kivlehan","589","12.39","0.123","0.041","0.242","0.164","0.126","0.114","0.112","9","73","85.5","1.9","2248","87.8","87.44","29","63","10","-0.4","6.16","108","150","114","146","298","313","285"
"190",596146,"Max Kepler","1700","11.18","0.121","0.105","0.178","0.226","0.147","0.153","0.145","23","190","87.5","13.6","2226","87.2","86.49","65","171","19","-0.7","5.97","115","150","124","150","288","318","296"
"207",656941,"Kyle Schwarber","1670","12.40","0.121","0.126","0.226","0.246","0.154","0.150","0.124","25","207","86.5","13.9","2199","89.0","88.68","90","180","27","-0.3","6.08","119","165","137","152","295","320","303"
"140",472528,"Luis Valbuena","1138","12.30","0.121","0.136","0.190","0.257","0.159","0.161","0.141","17","140","86.9","16.8","2211","87.8","87.41","64","132","8","-0.4","6.05","115","156","132","148","293","322","301"
"33",543038,"Dusty Coleman","200","16.50","0.121","0.061","0.444","0.182","0.130","0.097","0.080","4","33","89.7","16.8","2334","89.0","88.37","19","28","5","-0.6","6.01","114","151","113","147","299","312","288"
"83",591741,"Jose Osuna","705","11.77","0.120","0.096","0.173","0.217","0.143","0.167","0.163","10","83","86.7","9.6","2203","87.5","86.87","25","78","5","-0.6","5.94","109","150","114","146","305","316","288"
"108",543302,"Chris Herrmann","901","11.99","0.120","0.111","0.208","0.231","0.149","0.198","0.159","13","108","87.8","11.6","2192","87.8","87.26","42","93","15","-0.5","5.86","114","151","124","151","294","318","301"
"42",458085,"Chris Coghlan","364","11.54","0.119","0.048","0.250","0.167","0.124","0.129","0.135","5","42","79.4","-1.1","2336","88.5","87.64","17","37","5","-0.9","5.80","111","147","116","148","289","321","298"
"59",446653,"Jose Lobaton","503","11.73","0.119","0.068","0.200","0.186","0.131","0.155","0.143","7","59","85.6","16.7","2202","88.0","87.54","23","54","5","-0.5","6.09","115","152","117","150","286","312","296"
"42",642708,"Amed Rosario","239","17.57","0.119","0.024","0.238","0.143","0.115","0.143","0.144","5","42","82.7","4.9","2344","86.8","86.64","19","40","2","-0.2","6.19","110","154","112","147","299","318","291"
"42",518700,"Eric Fryer","357","11.76","0.119","0.071","0.208","0.190","0.132","0.153","0.150","5","42","84.6","5.7","2197","90.7","90.24","13","37","5","-0.5","6.09","109","150","114","147","299","310","282"
"93",542908,"Jett Bandy","687","13.54","0.118","0.086","0.200","0.204","0.138","0.144","0.132","11","93","86.3","9.8","2254","88.9","88.30","33","80","13","-0.6","5.94","111","150","115","146","300","313","289"
"60",527043,"Jefry Marte","518","11.58","0.117","0.100","0.208","0.217","0.142","0.143","0.119","7","60","86.4","6.9","2216","87.8","87.11","23","49","11","-0.7","5.96","108","151","115","145","301","320","290"
"103",641553,"Adam Engel","786","13.10","0.117","0.039","0.262","0.155","0.119","0.100","0.097","12","103","79.2","10.8","2299","87.6","87.12","47","90","12","-0.5","5.98","107","149","111","145","294","315","286"
"112",453056,"Jacoby Ellsbury","1047","10.70","0.116","0.009","0.197","0.125","0.108","0.146","0.146","13","112","82.9","5.5","2209","88.8","88.07","35","101","11","-0.7","5.97","115","148","118","149","279","313","293"
"87",460060,"Cliff Pennington","684","12.72","0.115","0.011","0.233","0.126","0.107","0.109","0.106","10","87","84.4","19.9","2196","88.7","88.11","29","72","14","-0.6","5.97","115","149","115","147","284","314","295"
"156",461235,"Brandon Moss","1249","12.49","0.115","0.128","0.260","0.244","0.150","0.158","0.125","18","156","89.3","18.2","2211","87.3","87.10","80","135","21","-0.2","6.03","112","158","136","150","295","325","303"
"52",595426,"Brock Stassi","406","12.81","0.115","0.058","0.172","0.173","0.125","0.146","0.137","6","52","86.4","16.4","2222","90.9","90.53","14","44","8","-0.4","6.21","114","153","125","152","285","313","295"
"52",571841,"Ty Kelly","378","13.76","0.115","0.058","0.200","0.173","0.124","0.150","0.149","6","52","82.6","6.8","2222","90.2","90.12","17","47","5","-0.1","6.28","114","149","115","150","281","309","291"
"192",572287,"Mike Zunino","1349","14.23","0.115","0.120","0.234","0.234","0.147","0.146","0.112","22","192","86.5","21.1","2266","89.1","88.66","89","160","32","-0.4","6.08","107","150","116","144","296","318","291"
"35",592444,"JaCoby Jones","239","14.64","0.114","0.143","0.429","0.257","0.154","0.086","0.078","4","35","89.7","12.4","2228","89.8","89.05","20","28","7","-0.7","6.02","108","152","115","147","300","317","284"
"88",467055,"Pablo Sandoval","660","13.33","0.114","0.125","0.127","0.239","0.148","0.179","0.153","10","88","87.4","13.3","2203","88.3","87.62","26","84","4","-0.7","5.98","111","150","118","149","290","321","301"
"197",448801,"Chris Davis","1513","13.02","0.112","0.076","0.321","0.188","0.128","0.117","0.094","22","197","87.8","9.6","2285","87.7","86.86","83","143","54","-0.8","5.84","116","167","140","150","297","326","300"
"36",446481,"Sean Rodriguez","293","12.29","0.111","0.167","0.222","0.278","0.161","0.164","0.129","4","36","82.0","8.8","2148","85.5","85.13","20","31","5","-0.4","6.02","108","152","112","147","303","324","289"
"54",620443,"Luis Torrens","469","11.51","0.111","0.000","0.194","0.111","0.100","0.125","0.123","6","54","86.1","5.1","2229","90.0","89.38","15","46","8","-0.6","5.97","111","151","114","147","297","313","285"
"82",630111,"Yasmany Tomas","662","12.39","0.110","0.110","0.233","0.220","0.138","0.155","0.120","9","82","89.5","3.7","2249","89.1","88.50","43","75","7","-0.6","5.94","108","150","115","147","306","322","297"
"201",460086,"Alex Gordon","1751","11.48","0.109","0.065","0.184","0.174","0.122","0.157","0.143","22","201","84.7","11.3","2264","87.6","87.22","73","179","22","-0.4","5.99","115","155","130","151","291","321","302"
"46",451192,"Jim Adduci","387","11.89","0.109","0.174","0.222","0.283","0.160","0.157","0.139","5","46","85.5","2.7","2274","88.3","87.56","23","42","4","-0.7","5.93","116","149","118","148","286","318","302"
"47",592620,"Jarrett Parker","355","13.24","0.106","0.085","0.211","0.191","0.127","0.127","0.101","5","47","81.7","19.8","2272","87.7","87.36","19","39","8","-0.3","6.11","114","153","126","153","291","319","304"
"57",624585,"Jorge Soler","422","13.51","0.105","0.088","0.227","0.193","0.126","0.085","0.076","6","57","83.1","21.9","2240","88.4","88.17","20","43","14","-0.2","6.05","107","152","116","146","302","324","293"
"76",607054,"Jace Peterson","614","12.38","0.105","0.053","0.200","0.158","0.113","0.156","0.147","8","76","84.7","2.5","2199","88.4","87.90","24","64","12","-0.5","5.94","116","149","115","151","287","311","297"
"77",489138,"Tyler Moore","593","12.98","0.104","0.117","0.207","0.221","0.136","0.086","0.073","8","77","85.8","14.8","2197","87.8","86.94","32","63","14","-0.9","5.94","109","151","115","147","302","317","291"
"39",621559,"Max Moroff","320","12.19","0.103","0.026","0.235","0.128","0.101","0.120","0.120","4","39","81.2","8.0","2238","87.8","87.41","19","36","3","-0.4","6.09","114","150","113","148","291","309","291"
"59",433217,"Andres Blanco","462","12.77","0.102","0.085","0.172","0.186","0.122","0.143","0.134","6","59","84.7","6.4","2192","89.9","89.55","25","55","4","-0.3","6.15","111","149","115","149","285","312","289"
"108",572114,"Ryan Schimpf","846","12.77","0.102","0.167","0.156","0.269","0.153","0.142","0.108","11","108","87.9","21.7","2287","87.6","86.78","43","81","27","-0.8","5.89","118","158","135","154","293","319","300"
"160",488771,"Jason Castro","1348","11.87","0.100","0.044","0.232","0.144","0.105","0.136","0.123","16","160","85.1","12.4","2303","89.1","88.59","58","127","33","-0.5","6.04","115","151","123","148","283","315","298"
"80",460269,"Chris Gimenez","670","11.94","0.100","0.088","0.176","0.188","0.122","0.120","0.112","8","80","81.8","12.7","2179","87.9","87.45","34","70","10","-0.4","6.06","110","150","116","145","296","314","284"
"62",572033,"Josh Phegley","458","13.54","0.097","0.113","0.132","0.210","0.127","0.196","0.166","6","62","85.9","22.2","2185","88.2","87.30","22","61","1","-0.9","5.88","106","151","115","146","298","317","282"
"31",452657,"Jon Lester","204","15.20","0.097","0.097","0.222","0.194","0.123","0.116","0.107","3","31","90.5","-7.1","2227","88.2","87.82","11","21","9","-0.4","5.91","114","149","112","148","272","299","292"
"42",547004,"Rio Ruiz","338","12.43","0.095","0.071","0.188","0.167","0.112","0.122","0.110","4","42","81.1","-3.4","2216","87.6","87.16","23","40","2","-0.4","5.96","114","148","119","152","289","312","296"
"42",453562,"Jake Arrieta","228","18.42","0.095","0.119","0.214","0.214","0.129","0.100","0.091","4","42","83.6","16.5","2247","87.3","86.81","17","32","10","-0.5","6.00","108","148","111","146","295","312","283"
"53",516949,"Hector Sanchez","378","14.02","0.094","0.075","0.167","0.170","0.112","0.111","0.101","5","53","84.1","28.1","2196","89.8","89.05","22","47","6","-0.8","5.88","112","157","125","151","293","317","298"
"33",573088,"Cameron Perkins","289","11.42","0.091","0.000","0.250","0.091","0.082","0.097","0.098","3","33","89.1","-1.8","2226","90.5","90.21","14","26","7","-0.3","6.18","109","152","114","149","296","317","293"
"33",592419,"Jared Hoying","251","13.15","0.091","0.091","0.167","0.182","0.115","0.060","0.063","3","33","78.9","9.0","2221","86.8","86.21","15","28","5","-0.6","5.94","116","148","119","150","284","318","293"
"99",425772,"Jeff Mathis","736","13.45","0.091","0.030","0.220","0.121","0.092","0.111","0.106","9","99","85.0","9.9","2307","87.1","86.56","47","88","11","-0.5","5.83","108","150","112","146","300","316","289"
"56",660162,"Yoan Moncada","460","12.17","0.089","0.161","0.188","0.250","0.138","0.120","0.091","5","56","91.0","11.9","2269","86.2","85.84","26","44","12","-0.4","6.09","112","150","114","147","286","315","293"
"47",571912,"Luke Maile","388","12.11","0.085","0.000","0.174","0.085","0.077","0.109","0.112","4","47","78.9","10.5","2177","88.6","87.93","16","39","7","-0.7","6.06","108","151","113","146","298","320","285"
"47",467092,"Wilson Ramos","436","10.78","0.085","0.085","0.143","0.170","0.107","0.150","0.129","4","47","86.1","0.0","2279","88.0","87.47","18","40","7","-0.5","6.09","108","152","118","147","303","323","289"
"60",607387,"Ryan Rua","431","13.92","0.083","0.017","0.263","0.100","0.081","0.092","0.091","5","60","81.9","3.7","2273","87.2","86.67","30","49","11","-0.5","5.99","110","151","116","146","304","323","292"
"36",430605,"Ryan Raburn","265","13.58","0.083","0.139","0.200","0.222","0.125","0.124","0.097","3","36","76.7","10.7","2203","86.5","86.05","21","32","4","-0.4","6.00","112","150","114","146","300","316","290"
"36",595777,"Jurickson Profar","279","12.90","0.083","0.028","0.136","0.111","0.085","0.160","0.148","3","36","84.6","12.5","2183","89.9","89.65","9","31","5","-0.2","6.19","116","148","114","150","288","320","293"
"36",608703,"Matt Reynolds","269","13.38","0.083","0.000","0.200","0.083","0.075","0.147","0.151","3","36","90.9","3.0","2220","91.1","90.59","18","33","3","-0.5","6.07","111","152","116","147","299","314","289"
"61",570489,"Arismendy Alcantara","415","14.70","0.082","0.033","0.217","0.115","0.085","0.083","0.088","5","61","79.5","1.2","2208","87.6","87.09","35","58","3","-0.5","6.05","112","147","112","146","284","309","285"
"74",501659,"Abraham Almonte","637","11.62","0.081","0.027","0.194","0.108","0.082","0.128","0.125","6","74","84.2","1.1","2227","87.7","87.22","30","61","13","-0.5","5.99","112","148","114","148","287","314","294"
"37",571578,"Patrick Corbin","233","15.88","0.081","0.000","0.250","0.081","0.073","0.079","0.087","3","37","77.6","-6.4","2214","87.6","87.18","15","27","10","-0.4","5.91","114","149","109","149","275","301","291"
"127",595281,"Kevin Kiermaier","1078","11.78","0.079","0.039","0.150","0.118","0.085","0.120","0.113","10","127","83.5","11.5","2269","88.4","87.75","41","102","25","-0.6","6.02","112","146","119","147","281","320","296"
"53",596144,"Cheslor Cuthbert","428","12.38","0.075","0.019","0.154","0.094","0.075","0.165","0.153","4","53","87.1","18.6","2337","87.2","86.88","19","45","8","-0.3","6.06","110","150","114","146","301","322","286"
"40",458913,"Eric Young Jr.","379","10.55","0.075","0.075","0.154","0.150","0.095","0.091","0.089","3","40","80.6","4.9","2313","88.1","87.56","23","37","3","-0.5","5.98","106","145","105","143","281","311","289"
"40",519076,"Jimmy Nelson","202","19.80","0.075","0.000","0.273","0.075","0.068","0.045","0.058","3","40","62.8","-17.1","2216","89.0","88.41","19","30","10","-0.6","5.94","113","145","108","147","288","290","260"
"60",614173,"Franchy Cordero","403","14.89","0.067","0.033","0.250","0.100","0.072","0.065","0.060","4","60","83.0","9.4","2260","88.5","87.81","38","54","6","-0.7","5.90","119","150","117","151","292","317","298"
"31",458681,"Lance Lynn","183","16.94","0.065","0.032","0.154","0.097","0.069","0.062","0.061","2","31","72.8","0.7","2262","85.9","84.93","14","27","2","-1.0","5.81","114","150","110","145","287","302","273"
"31",608671,"Travis Jankowski","248","12.50","0.065","0.000","0.200","0.065","0.058","0.063","0.063","2","31","90.0","11.0","2337","87.5","86.60","11","21","10","-0.9","5.76","114","150","110","146","281","310","299"
"34",461829,"Gio Gonzalez","189","17.99","0.059","0.000","0.167","0.059","0.053","0.064","0.067","2","34","75.4","4.0","2371","87.2","86.85","18","30","3","-0.4","6.15","110","147","108","146","283","292","267"
"142",457787,"Danny Espinosa","1017","13.96","0.056","0.070","0.122","0.127","0.076","0.107","0.093","8","142","85.1","8.8","2239","88.7","88.29","76","120","22","-0.4","6.02","113","151","123","148","295","323","298"
"39",595885,"Greg Bird","318","12.26","0.051","0.026","0.118","0.077","0.055","0.136","0.095","2","39","87.7","24.0","2194","89.1","88.50","17","34","5","-0.6","5.98","120","161","138","149","297","324","299"
"30",622072,"Alex Wood","184","16.30","0.033","0.000","0.143","0.033","0.030","0.044","0.047","1","30","72.3","-18.6","2238","90.4","89.38","6","13","15","-1.0","5.82","109","147","106","146","286","297","268"
"34",624507,"Ryder Jones","270","12.59","0.029","0.000","0.067","0.029","0.026","0.067","0.077","1","34","76.7","16.4","2190","87.9","87.63","13","28","6","-0.3","6.13","121","154","128","151","287","317","301"
"35",453385,"Clayton Richard","190","18.42","0.029","0.000","0.100","0.029","0.026","0.029","0.031","1","35","72.2","-18.8","2353","86.4","85.96","14","24","10","-0.4","6.04","112","148","106","147","274","302","290"
"31",467100,"Ivan Nova","176","17.61","0.000","0.000","0.000","0.000","0.000","0.014","0.023","0","31","67.0","-4.9","2323","85.9","85.09","20","24","4","-0.8","5.81","112","147","107","145","291","295","265"